Symbol,Price,Day
KOZAL,"35,68",2025-11-17
GUBRF,328,2025-11-17
DSTKF,751,2025-11-17
TUPRS,"201,7",2025-11-17
ULKER,114,2025-11-17
MGROS,504,2025-11-17
AEFES,"14,48",2025-11-17
ASELS,"188,3",2025-11-17
EKGYO,"19,2",2025-11-17
KCHOL,"167,8",2025-11-17
SISE,"35,82",2025-11-17
PGSUS,204,2025-11-17
TOASO,"232,6",2025-11-17
PETKM,"16,8",2025-11-17
TTKOM,"55,4",2025-11-17
FROTO,"94,6",2025-11-17
TAVHL,"259,5",2025-11-17
YKBNK,"32,1",2025-11-17
GARAN,128,2025-11-17
SASA,"2,9",2025-11-17
AKBNK,"58,35",2025-11-17
ASTOR,"92,3",2025-11-17
BIMAS,540,2025-11-17
SAHOL,"76,3",2025-11-17
ENKAI,"73,8",2025-11-17
ISCTR,"12,24",2025-11-17
KRDMD,"24,22",2025-11-17
THYAO,"268,5",2025-11-17
TCELL,"93,1",2025-11-17
EREGL,24,2025-11-17
KOZAL,"33,76",2025-11-14
DSTKF,"749,5",2025-11-14
MGROS,507,2025-11-14
GUBRF,"314,25",2025-11-14
TUPRS,"199,2",2025-11-14
ULKER,"112,5",2025-11-14
TTKOM,"56,4",2025-11-14
SISE,"35,68",2025-11-14
AEFES,"14,23",2025-11-14
TOASO,"232,5",2025-11-14
GARAN,"129,2",2025-11-14
ENKAI,74,2025-11-14
PGSUS,204,2025-11-14
BIMAS,"544,5",2025-11-14
FROTO,"94,7",2025-11-14
AKBNK,"58,3",2025-11-14
PETKM,"16,74",2025-11-14
KCHOL,164,2025-11-14
ISCTR,"12,32",2025-11-14
YKBNK,"31,96",2025-11-14
EKGYO,"18,59",2025-11-14
SASA,"2,87",2025-11-14
TCELL,"93,15",2025-11-14
TAVHL,"254,5",2025-11-14
SAHOL,"75,2",2025-11-14
ASTOR,"90,3",2025-11-14
THYAO,269,2025-11-14
ASELS,176,2025-11-14
KRDMD,"23,82",2025-11-14
EREGL,"23,9",2025-11-14
KOZAL,"32,7",2025-11-13
DSTKF,"734,5",2025-11-13
GUBRF,"315,5",2025-11-13
MGROS,"503,5",2025-11-13
TTKOM,57,2025-11-13
ULKER,"113,9",2025-11-13
TUPRS,"197,7",2025-11-13
TAVHL,"266,5",2025-11-13
BIMAS,"551,5",2025-11-13
AEFES,"14,32",2025-11-13
TOASO,"236,5",2025-11-13
ENKAI,"73,8",2025-11-13
GARAN,"129,5",2025-11-13
FROTO,"94,7",2025-11-13
TCELL,"95,6",2025-11-13
AKBNK,"58,7",2025-11-13
KCHOL,165,2025-11-13
PGSUS,"204,6",2025-11-13
ISCTR,"12,41",2025-11-13
SISE,"35,4",2025-11-13
SASA,"2,87",2025-11-13
ASTOR,"93,5",2025-11-13
YKBNK,"32,02",2025-11-13
PETKM,"16,52",2025-11-13
SAHOL,"75,85",2025-11-13
ASELS,"177,8",2025-11-13
THYAO,271,2025-11-13
EKGYO,"18,15",2025-11-13
KRDMD,"23,94",2025-11-13
EREGL,"24,28",2025-11-13
KOZAL,"30,98",2025-11-12
MGROS,"504,5",2025-11-12
DSTKF,"731,5",2025-11-12
GUBRF,"319,25",2025-11-12
TTKOM,"56,3",2025-11-12
BIMAS,"561,5",2025-11-12
TAVHL,"266,5",2025-11-12
ULKER,"112,3",2025-11-12
TUPRS,"195,1",2025-11-12
AEFES,"14,35",2025-11-12
TCELL,"96,3",2025-11-12
SASA,"2,96",2025-11-12
ENKAI,"74,3",2025-11-12
AKBNK,"58,9",2025-11-12
SISE,"35,36",2025-11-12
YKBNK,"32,22",2025-11-12
GARAN,"129,1",2025-11-12
FROTO,"94,35",2025-11-12
KCHOL,165,2025-11-12
ISCTR,"12,36",2025-11-12
TOASO,"231,2",2025-11-12
ASELS,"183,6",2025-11-12
PGSUS,"201,4",2025-11-12
SAHOL,"75,75",2025-11-12
ASTOR,"91,95",2025-11-12
PETKM,"16,4",2025-11-12
THYAO,268,2025-11-12
EKGYO,"18,15",2025-11-12
EREGL,"24,34",2025-11-12
KRDMD,"23,84",2025-11-12
DSTKF,"710,5",2025-11-11
TTKOM,"56,25",2025-11-11
MGROS,"491,41",2025-11-11
KOZAL,"28,18",2025-11-11
BIMAS,555,2025-11-11
TUPRS,"192,4",2025-11-11
TAVHL,261,2025-11-11
ULKER,"108,6",2025-11-11
GUBRF,"301,25",2025-11-11
AEFES,"14,11",2025-11-11
ENKAI,"73,5",2025-11-11
FROTO,"94,4",2025-11-11
YKBNK,32,2025-11-11
AKBNK,"58,3",2025-11-11
SISE,"35,2",2025-11-11
PETKM,"16,5",2025-11-11
SASA,"2,88",2025-11-11
ISCTR,"12,2",2025-11-11
KCHOL,"163,7",2025-11-11
PGSUS,"201,8",2025-11-11
TCELL,"94,4",2025-11-11
GARAN,"127,7",2025-11-11
ASTOR,"92,35",2025-11-11
ASELS,"181,4",2025-11-11
THYAO,273,2025-11-11
SAHOL,"75,8",2025-11-11
TOASO,"226,1",2025-11-11
KRDMD,"24,58",2025-11-11
EREGL,"24,48",2025-11-11
EKGYO,"17,9",2025-11-11
TTKOM,"57,15",2025-11-10
DSTKF,719,2025-11-10
MGROS,"501,34",2025-11-10
KOZAL,"28,54",2025-11-10
ULKER,"111,1",2025-11-10
BIMAS,546,2025-11-10
TUPRS,"196,6",2025-11-10
ENKAI,"76,25",2025-11-10
GUBRF,"306,75",2025-11-10
YKBNK,"32,94",2025-11-10
AKBNK,"59,9",2025-11-10
TAVHL,"261,5",2025-11-10
FROTO,"96,45",2025-11-10
TCELL,"96,45",2025-11-10
ISCTR,"12,58",2025-11-10
GARAN,"130,1",2025-11-10
KCHOL,"166,9",2025-11-10
AEFES,"14,21",2025-11-10
SISE,"35,68",2025-11-10
PGSUS,"205,5",2025-11-10
PETKM,"16,93",2025-11-10
SAHOL,"77,75",2025-11-10
ASTOR,"92,95",2025-11-10
THYAO,"278,25",2025-11-10
SASA,"2,89",2025-11-10
EKGYO,"18,82",2025-11-10
ASELS,"186,4",2025-11-10
KRDMD,"25,48",2025-11-10
EREGL,"25,24",2025-11-10
TOASO,"230,8",2025-11-10
DSTKF,"723,5",2025-11-07
KOZAL,"28,4",2025-11-07
MGROS,"495,38",2025-11-07
TTKOM,"55,8",2025-11-07
ULKER,"114,6",2025-11-07
ENKAI,"77,9",2025-11-07
TUPRS,198,2025-11-07
YKBNK,"33,54",2025-11-07
TAVHL,"268,25",2025-11-07
ISCTR,"12,88",2025-11-07
AKBNK,"60,9",2025-11-07
KCHOL,"171,8",2025-11-07
BIMAS,556,2025-11-07
AEFES,"14,43",2025-11-07
GARAN,"133,5",2025-11-07
PGSUS,"211,5",2025-11-07
GUBRF,302,2025-11-07
ASTOR,"97,1",2025-11-07
EKGYO,"19,94",2025-11-07
THYAO,"289,5",2025-11-07
SISE,36,2025-11-07
FROTO,"97,1",2025-11-07
TCELL,"96,9",2025-11-07
SAHOL,"79,7",2025-11-07
PETKM,"17,05",2025-11-07
SASA,"2,93",2025-11-07
KRDMD,"25,94",2025-11-07
EREGL,"26,12",2025-11-07
ASELS,"185,1",2025-11-07
TOASO,230,2025-11-07
DSTKF,725,2025-11-06
ULKER,"114,6",2025-11-06
YKBNK,"34,4",2025-11-06
TTKOM,"55,4",2025-11-06
ASTOR,"101,8",2025-11-06
ISCTR,"13,25",2025-11-06
TAVHL,273,2025-11-06
AKBNK,"62,45",2025-11-06
GARAN,"136,6",2025-11-06
KCHOL,"176,3",2025-11-06
SISE,"37,62",2025-11-06
MGROS,"466,84",2025-11-06
AEFES,"14,84",2025-11-06
TCELL,102,2025-11-06
ENKAI,"77,55",2025-11-06
KOZAL,"27,32",2025-11-06
EKGYO,"20,56",2025-11-06
BIMAS,"551,5",2025-11-06
TUPRS,"198,2",2025-11-06
GUBRF,"309,25",2025-11-06
PGSUS,"213,6",2025-11-06
SAHOL,"82,5",2025-11-06
KRDMD,28,2025-11-06
FROTO,"97,9",2025-11-06
PETKM,"17,32",2025-11-06
THYAO,"292,5",2025-11-06
SASA,"2,97",2025-11-06
EREGL,"26,52",2025-11-06
ASELS,"187,4",2025-11-06
TOASO,"238,8",2025-11-06
DSTKF,698,2025-11-05
TTKOM,55,2025-11-05
TAVHL,272,2025-11-05
ASTOR,100,2025-11-05
YKBNK,"33,98",2025-11-05
KOZAL,"26,92",2025-11-05
AEFES,"14,79",2025-11-05
ULKER,"110,5",2025-11-05
ISCTR,"13,1",2025-11-05
GARAN,135,2025-11-05
AKBNK,"61,2",2025-11-05
SISE,"36,9",2025-11-05
PETKM,"17,6",2025-11-05
PGSUS,"212,7",2025-11-05
TUPRS,"195,4",2025-11-05
KCHOL,171,2025-11-05
MGROS,"458,4",2025-11-05
ENKAI,"75,7",2025-11-05
EKGYO,"20,1",2025-11-05
FROTO,"99,3",2025-11-05
KRDMD,"27,7",2025-11-05
GUBRF,"300,5",2025-11-05
SAHOL,"80,2",2025-11-05
THYAO,290,2025-11-05
EREGL,"27,06",2025-11-05
TCELL,"97,7",2025-11-05
BIMAS,"529,5",2025-11-05
SASA,"3,01",2025-11-05
ASELS,"194,1",2025-11-05
TOASO,"241,2",2025-11-05
EREGL,"29,18",2025-11-04
DSTKF,647,2025-11-04
TAVHL,270,2025-11-04
KRDMD,"28,62",2025-11-04
ASTOR,"99,2",2025-11-04
YKBNK,"33,28",2025-11-04
KOZAL,"26,86",2025-11-04
SISE,"36,98",2025-11-04
GARAN,"134,2",2025-11-04
PGSUS,"213,8",2025-11-04
AKBNK,61,2025-11-04
ISCTR,"12,89",2025-11-04
ULKER,"108,6",2025-11-04
KCHOL,"170,9",2025-11-04
EKGYO,"20,22",2025-11-04
AEFES,"14,4",2025-11-04
FROTO,"98,5",2025-11-04
PETKM,"17,43",2025-11-04
ENKAI,"75,95",2025-11-04
MGROS,"452,69",2025-11-04
SAHOL,"80,6",2025-11-04
TUPRS,188,2025-11-04
GUBRF,"292,25",2025-11-04
THYAO,289,2025-11-04
TCELL,"96,45",2025-11-04
BIMAS,"532,5",2025-11-04
TTKOM,50,2025-11-04
SASA,"3,03",2025-11-04
ASELS,"197,3",2025-11-04
TOASO,"245,3",2025-11-04
KOZAL,"27,52",2025-11-03
TAVHL,269,2025-11-03
ASTOR,"100,2",2025-11-03
DSTKF,650,2025-11-03
EKGYO,"20,74",2025-11-03
EREGL,"28,84",2025-11-03
TUPRS,"198,7",2025-11-03
SISE,"37,2",2025-11-03
KCHOL,"174,2",2025-11-03
YKBNK,"33,44",2025-11-03
GUBRF,308,2025-11-03
ULKER,"109,8",2025-11-03
GARAN,"134,5",2025-11-03
PGSUS,"213,5",2025-11-03
AKBNK,"61,1",2025-11-03
PETKM,"17,61",2025-11-03
AEFES,"14,69",2025-11-03
KRDMD,"28,44",2025-11-03
SAHOL,"82,35",2025-11-03
FROTO,"100,1",2025-11-03
ENKAI,76,2025-11-03
ISCTR,"12,93",2025-11-03
TOASO,269,2025-11-03
MGROS,"455,67",2025-11-03
THYAO,294,2025-11-03
SASA,"3,12",2025-11-03
TCELL,"97,45",2025-11-03
TTKOM,"49,96",2025-11-03
ASELS,"202,6",2025-11-03
BIMAS,536,2025-11-03
KOZAL,"26,88",2025-10-31
GUBRF,"316,5",2025-10-31
YKBNK,"33,6",2025-10-31
DSTKF,643,2025-10-31
TUPRS,"197,6",2025-10-31
ENKAI,"77,7",2025-10-31
TAVHL,265,2025-10-31
SISE,"36,78",2025-10-31
GARAN,"134,6",2025-10-31
KCHOL,"171,6",2025-10-31
EKGYO,"20,22",2025-10-31
ASTOR,"98,2",2025-10-31
AKBNK,"60,8",2025-10-31
ULKER,"108,1",2025-10-31
AEFES,"14,53",2025-10-31
SAHOL,"81,55",2025-10-31
ISCTR,"12,65",2025-10-31
MGROS,"450,21",2025-10-31
TCELL,"99,7",2025-10-31
PGSUS,210,2025-10-31
KRDMD,"27,42",2025-10-31
TOASO,"264,25",2025-10-31
FROTO,"99,25",2025-10-31
PETKM,"17,17",2025-10-31
TTKOM,51,2025-10-31
BIMAS,539,2025-10-31
EREGL,"27,48",2025-10-31
THYAO,"291,5",2025-10-31
ASELS,"203,6",2025-10-31
SASA,"3,07",2025-10-31
GUBRF,"312,5",2025-10-30
KOZAL,"27,2",2025-10-30
TUPRS,196,2025-10-30
TAVHL,"260,25",2025-10-30
ENKAI,"77,25",2025-10-30
SISE,"36,76",2025-10-30
DSTKF,629,2025-10-30
EKGYO,"19,93",2025-10-30
YKBNK,"32,1",2025-10-30
KCHOL,"167,2",2025-10-30
KRDMD,"27,38",2025-10-30
ULKER,"106,6",2025-10-30
SAHOL,"80,85",2025-10-30
GARAN,130,2025-10-30
AKBNK,"59,5",2025-10-30
AEFES,"14,44",2025-10-30
EREGL,"27,48",2025-10-30
TTKOM,"51,4",2025-10-30
TCELL,"98,75",2025-10-30
ASTOR,"95,85",2025-10-30
TOASO,"262,5",2025-10-30
ASELS,"205,7",2025-10-30
ISCTR,"12,45",2025-10-30
MGROS,"443,51",2025-10-30
PETKM,"17,1",2025-10-30
PGSUS,"206,4",2025-10-30
BIMAS,532,2025-10-30
FROTO,"96,25",2025-10-30
SASA,"3,06",2025-10-30
THYAO,290,2025-10-30
TAVHL,"262,75",2025-10-28
TUPRS,"196,7",2025-10-28
GUBRF,307,2025-10-28
KRDMD,"28,02",2025-10-28
YKBNK,"32,36",2025-10-28
BIMAS,566,2025-10-28
SISE,"36,26",2025-10-28
DSTKF,"592,5",2025-10-28
ENKAI,"75,8",2025-10-28
KCHOL,"167,5",2025-10-28
TTKOM,"52,5",2025-10-28
TCELL,"100,6",2025-10-28
ULKER,"106,6",2025-10-28
EKGYO,"19,77",2025-10-28
ASELS,"211,4",2025-10-28
AEFES,"14,52",2025-10-28
KOZAL,"25,4",2025-10-28
ISCTR,"12,41",2025-10-28
MGROS,"451,2",2025-10-28
TOASO,263,2025-10-28
GARAN,128,2025-10-28
EREGL,"27,58",2025-10-28
AKBNK,"58,55",2025-10-28
SAHOL,"79,35",2025-10-28
FROTO,"97,5",2025-10-28
THYAO,292,2025-10-28
ASTOR,"95,4",2025-10-28
SASA,"3,1",2025-10-28
PGSUS,"205,2",2025-10-28
PETKM,"16,89",2025-10-28
TAVHL,"262,25",2025-10-27
GUBRF,308,2025-10-27
TUPRS,"192,7",2025-10-27
KRDMD,"28,18",2025-10-27
YKBNK,"32,04",2025-10-27
BIMAS,"565,5",2025-10-27
KCHOL,"168,3",2025-10-27
TTKOM,"52,65",2025-10-27
ENKAI,76,2025-10-27
ULKER,"106,8",2025-10-27
SISE,"35,72",2025-10-27
MGROS,"456,17",2025-10-27
ISCTR,"12,51",2025-10-27
TOASO,266,2025-10-27
EKGYO,"19,76",2025-10-27
TCELL,100,2025-10-27
KOZAL,"25,6",2025-10-27
DSTKF,"561,5",2025-10-27
FROTO,"98,35",2025-10-27
GARAN,"128,8",2025-10-27
SAHOL,80,2025-10-27
SASA,"3,16",2025-10-27
AKBNK,"58,8",2025-10-27
AEFES,"14,41",2025-10-27
ASELS,"208,8",2025-10-27
EREGL,"27,68",2025-10-27
THYAO,295,2025-10-27
ASTOR,"95,4",2025-10-27
PETKM,"16,97",2025-10-27
PGSUS,"205,8",2025-10-27
TAVHL,"260,5",2025-10-24
GUBRF,"307,25",2025-10-24
YKBNK,"32,76",2025-10-24
KRDMD,"28,44",2025-10-24
BIMAS,"579,5",2025-10-24
TUPRS,"191,8",2025-10-24
ISCTR,"13,18",2025-10-24
KCHOL,"171,8",2025-10-24
TOASO,"276,75",2025-10-24
KOZAL,"26,1",2025-10-24
ULKER,109,2025-10-24
MGROS,"457,41",2025-10-24
TTKOM,"52,75",2025-10-24
AKBNK,"60,2",2025-10-24
DSTKF,"568,5",2025-10-24
GARAN,"131,6",2025-10-24
EKGYO,"20,1",2025-10-24
ENKAI,"75,5",2025-10-24
FROTO,100,2025-10-24
TCELL,"100,8",2025-10-24
SISE,"35,82",2025-10-24
SAHOL,"81,65",2025-10-24
AEFES,"14,45",2025-10-24
SASA,"3,16",2025-10-24
PETKM,"17,36",2025-10-24
ASELS,"203,9",2025-10-24
ASTOR,"96,2",2025-10-24
THYAO,297,2025-10-24
PGSUS,"208,4",2025-10-24
EREGL,"27,24",2025-10-24
TAVHL,"251,5",2025-10-23
TOASO,"275,25",2025-10-23
TUPRS,187,2025-10-23
GUBRF,"295,75",2025-10-23
KRDMD,"26,62",2025-10-23
ENKAI,"74,5",2025-10-23
EKGYO,"19,38",2025-10-23
TCELL,"98,55",2025-10-23
DSTKF,542,2025-10-23
ULKER,"104,3",2025-10-23
YKBNK,"30,36",2025-10-23
AKBNK,"58,55",2025-10-23
KCHOL,"162,8",2025-10-23
TTKOM,"51,55",2025-10-23
FROTO,"96,95",2025-10-23
MGROS,"446,49",2025-10-23
BIMAS,547,2025-10-23
GARAN,"126,2",2025-10-23
SISE,"34,54",2025-10-23
ISCTR,"12,06",2025-10-23
KOZAL,"24,86",2025-10-23
ASELS,"206,5",2025-10-23
ASTOR,"93,55",2025-10-23
AEFES,"13,87",2025-10-23
SAHOL,"78,35",2025-10-23
SASA,"3,13",2025-10-23
EREGL,"26,84",2025-10-23
PGSUS,"203,2",2025-10-23
PETKM,"16,76",2025-10-23
THYAO,"284,25",2025-10-23
TAVHL,243,2025-10-22
ENKAI,"74,6",2025-10-22
FROTO,"97,7",2025-10-22
KRDMD,"26,4",2025-10-22
DSTKF,548,2025-10-22
EKGYO,"19,34",2025-10-22
TUPRS,"181,7",2025-10-22
AKBNK,"57,9",2025-10-22
YKBNK,"30,24",2025-10-22
ULKER,104,2025-10-22
AEFES,"14,35",2025-10-22
TCELL,"97,6",2025-10-22
MGROS,"445,25",2025-10-22
GARAN,126,2025-10-22
GUBRF,"283,25",2025-10-22
ASELS,"207,6",2025-10-22
ISCTR,"12,06",2025-10-22
TOASO,"260,5",2025-10-22
TTKOM,"50,75",2025-10-22
KCHOL,"160,4",2025-10-22
ASTOR,"94,2",2025-10-22
BIMAS,538,2025-10-22
SISE,"34,1",2025-10-22
KOZAL,"23,76",2025-10-22
EREGL,"26,84",2025-10-22
PGSUS,"206,2",2025-10-22
SASA,"3,01",2025-10-22
SAHOL,"77,45",2025-10-22
PETKM,"16,79",2025-10-22
THYAO,288,2025-10-22
TAVHL,236,2025-10-21
FROTO,98,2025-10-21
EKGYO,"19,3",2025-10-21
DSTKF,"537,5",2025-10-21
ASTOR,"95,75",2025-10-21
AKBNK,"57,6",2025-10-21
TCELL,"96,95",2025-10-21
AEFES,"14,28",2025-10-21
ULKER,103,2025-10-21
EREGL,"27,36",2025-10-21
ENKAI,"71,2",2025-10-21
KRDMD,"25,8",2025-10-21
ISCTR,"12,06",2025-10-21
GARAN,"125,9",2025-10-21
KOZAL,"24,36",2025-10-21
YKBNK,"29,74",2025-10-21
PGSUS,"210,3",2025-10-21
TUPRS,"176,1",2025-10-21
ASELS,"205,6",2025-10-21
GUBRF,278,2025-10-21
TOASO,255,2025-10-21
MGROS,"428,86",2025-10-21
BIMAS,524,2025-10-21
TTKOM,"49,7",2025-10-21
KCHOL,"157,4",2025-10-21
SISE,"33,52",2025-10-21
THYAO,"294,5",2025-10-21
SASA,"3,01",2025-10-21
SAHOL,"77,45",2025-10-21
PETKM,"16,81",2025-10-21
AEFES,"14,74",2025-10-20
ASTOR,"97,6",2025-10-20
KOZAL,25,2025-10-20
FROTO,"96,5",2025-10-20
AKBNK,"57,95",2025-10-20
DSTKF,"534,5",2025-10-20
ENKAI,"72,15",2025-10-20
EKGYO,"18,99",2025-10-20
TAVHL,231,2025-10-20
BIMAS,538,2025-10-20
MGROS,"438,79",2025-10-20
ULKER,"102,1",2025-10-20
TCELL,"96,8",2025-10-20
PGSUS,212,2025-10-20
TUPRS,"177,4",2025-10-20
GUBRF,282,2025-10-20
EREGL,"27,18",2025-10-20
SASA,"3,11",2025-10-20
GARAN,"124,2",2025-10-20
ISCTR,"11,77",2025-10-20
ASELS,"203,9",2025-10-20
KRDMD,"25,16",2025-10-20
YKBNK,"29,38",2025-10-20
TTKOM,"49,82",2025-10-20
THYAO,"297,75",2025-10-20
TOASO,"251,5",2025-10-20
PETKM,"17,2",2025-10-20
SAHOL,"77,6",2025-10-20
SISE,"33,32",2025-10-20
KCHOL,"155,3",2025-10-20
AEFES,"14,28",2025-10-17
ENKAI,"70,5",2025-10-17
ASTOR,"95,25",2025-10-17
TCELL,"94,25",2025-10-17
DSTKF,517,2025-10-17
KOZAL,24,2025-10-17
EREGL,"26,4",2025-10-17
TUPRS,"173,2",2025-10-17
FROTO,"92,8",2025-10-17
TAVHL,"224,3",2025-10-17
BIMAS,527,2025-10-17
ULKER,"99,4",2025-10-17
PGSUS,"205,8",2025-10-17
TOASO,"255,25",2025-10-17
MGROS,"425,14",2025-10-17
AKBNK,"54,85",2025-10-17
SASA,"3,03",2025-10-17
EKGYO,"18,4",2025-10-17
TTKOM,"48,12",2025-10-17
SISE,"32,88",2025-10-17
KRDMD,"24,4",2025-10-17
THYAO,292,2025-10-17
ASELS,"194,9",2025-10-17
GUBRF,"267,25",2025-10-17
KCHOL,"152,7",2025-10-17
PETKM,"17,13",2025-10-17
YKBNK,"28,12",2025-10-17
GARAN,"118,1",2025-10-17
SAHOL,"75,6",2025-10-17
ISCTR,"11,28",2025-10-17
ENKAI,"70,7",2025-10-16
KOZAL,"24,92",2025-10-16
DSTKF,514,2025-10-16
BIMAS,"539,5",2025-10-16
AEFES,"13,9",2025-10-16
TUPRS,"176,2",2025-10-16
PETKM,"18,89",2025-10-16
ASTOR,"92,95",2025-10-16
TTKOM,"50,25",2025-10-16
EREGL,"27,14",2025-10-16
TCELL,"95,8",2025-10-16
MGROS,"434,33",2025-10-16
SASA,"3,06",2025-10-16
GUBRF,"274,75",2025-10-16
ASELS,204,2025-10-16
AKBNK,"55,3",2025-10-16
TAVHL,"225,1",2025-10-16
PGSUS,"207,8",2025-10-16
ULKER,"99,2",2025-10-16
FROTO,"90,55",2025-10-16
EKGYO,"18,5",2025-10-16
TOASO,"254,75",2025-10-16
SISE,"33,38",2025-10-16
THYAO,296,2025-10-16
KRDMD,"24,9",2025-10-16
KCHOL,156,2025-10-16
SAHOL,"77,8",2025-10-16
ISCTR,"11,58",2025-10-16
YKBNK,"28,42",2025-10-16
GARAN,"120,5",2025-10-16
PETKM,"20,98",2025-10-15
ENKAI,"73,65",2025-10-15
AEFES,14,2025-10-15
BIMAS,"546,5",2025-10-15
TUPRS,"178,4",2025-10-15
TTKOM,"50,85",2025-10-15
ASTOR,"92,75",2025-10-15
EREGL,"27,7",2025-10-15
SISE,"34,52",2025-10-15
ASELS,"207,5",2025-10-15
MGROS,"440,78",2025-10-15
GUBRF,"277,25",2025-10-15
DSTKF,504,2025-10-15
TCELL,"95,75",2025-10-15
SASA,"3,13",2025-10-15
THYAO,"300,75",2025-10-15
TAVHL,"227,2",2025-10-15
KOZAL,"24,04",2025-10-15
ULKER,"100,8",2025-10-15
PGSUS,"209,1",2025-10-15
FROTO,"91,75",2025-10-15
TOASO,260,2025-10-15
EKGYO,"18,65",2025-10-15
SAHOL,"78,95",2025-10-15
KRDMD,"25,34",2025-10-15
KCHOL,"158,7",2025-10-15
ISCTR,"11,82",2025-10-15
AKBNK,"53,6",2025-10-15
YKBNK,"28,34",2025-10-15
GARAN,"118,8",2025-10-15
PETKM,"19,9",2025-10-14
ENKAI,"69,5",2025-10-14
ASELS,212,2025-10-14
BIMAS,"544,5",2025-10-14
GUBRF,278,2025-10-14
THYAO,302,2025-10-14
AEFES,"13,39",2025-10-14
TUPRS,"174,1",2025-10-14
MGROS,"436,31",2025-10-14
TTKOM,"49,32",2025-10-14
FROTO,"92,45",2025-10-14
SISE,"33,68",2025-10-14
ASTOR,"88,5",2025-10-14
KOZAL,"23,64",2025-10-14
SAHOL,"78,9",2025-10-14
SASA,"3,08",2025-10-14
PGSUS,"208,7",2025-10-14
TAVHL,221,2025-10-14
ULKER,99,2025-10-14
KCHOL,"156,9",2025-10-14
DSTKF,"458,25",2025-10-14
TOASO,"249,6",2025-10-14
TCELL,"90,85",2025-10-14
EKGYO,"18,06",2025-10-14
EREGL,"25,96",2025-10-14
YKBNK,"28,76",2025-10-14
AKBNK,"53,5",2025-10-14
ISCTR,"11,64",2025-10-14
KRDMD,"24,26",2025-10-14
GARAN,"119,5",2025-10-14
PETKM,"19,45",2025-10-13
GUBRF,"287,5",2025-10-13
ENKAI,"69,6",2025-10-13
ASELS,214,2025-10-13
TAVHL,"233,5",2025-10-13
TCELL,"97,9",2025-10-13
TTKOM,51,2025-10-13
THYAO,309,2025-10-13
AEFES,"13,72",2025-10-13
BIMAS,546,2025-10-13
KOZAL,"24,58",2025-10-13
MGROS,"445,25",2025-10-13
SISE,"34,46",2025-10-13
ULKER,"102,5",2025-10-13
SAHOL,"81,15",2025-10-13
EREGL,"27,4",2025-10-13
EKGYO,"19,04",2025-10-13
TOASO,257,2025-10-13
PGSUS,"211,2",2025-10-13
ASTOR,"89,65",2025-10-13
FROTO,"92,65",2025-10-13
YKBNK,"30,28",2025-10-13
TUPRS,"172,5",2025-10-13
KRDMD,"25,6",2025-10-13
GARAN,"126,7",2025-10-13
KCHOL,160,2025-10-13
AKBNK,"55,95",2025-10-13
SASA,"3,02",2025-10-13
ISCTR,"12,03",2025-10-13
DSTKF,"462,5",2025-10-13
PETKM,"19,54",2025-10-10
GUBRF,291,2025-10-10
TCELL,"100,2",2025-10-10
TOASO,273,2025-10-10
ASELS,"213,5",2025-10-10
ENKAI,70,2025-10-10
TAVHL,"237,8",2025-10-10
TTKOM,"51,95",2025-10-10
THYAO,"313,75",2025-10-10
EKGYO,"19,82",2025-10-10
AEFES,"13,82",2025-10-10
TUPRS,"180,6",2025-10-10
KOZAL,"24,82",2025-10-10
ULKER,"104,7",2025-10-10
KCHOL,"165,1",2025-10-10
SISE,"35,04",2025-10-10
SAHOL,"82,4",2025-10-10
BIMAS,544,2025-10-10
MGROS,"447,23",2025-10-10
PGSUS,"215,6",2025-10-10
EREGL,"27,86",2025-10-10
ASTOR,"91,85",2025-10-10
YKBNK,"30,96",2025-10-10
AKBNK,"57,5",2025-10-10
KRDMD,"26,48",2025-10-10
GARAN,"130,1",2025-10-10
FROTO,"93,55",2025-10-10
SASA,"3,12",2025-10-10
ISCTR,"12,16",2025-10-10
DSTKF,460,2025-10-10
PETKM,"19,38",2025-10-09
TOASO,275,2025-10-09
GUBRF,290,2025-10-09
ASELS,"219,2",2025-10-09
TCELL,"100,4",2025-10-09
KOZAL,"25,5",2025-10-09
THYAO,"312,5",2025-10-09
TTKOM,"51,6",2025-10-09
ENKAI,"68,35",2025-10-09
AEFES,"13,78",2025-10-09
TAVHL,235,2025-10-09
TUPRS,"183,1",2025-10-09
MGROS,"448,97",2025-10-09
ULKER,"103,9",2025-10-09
BIMAS,"543,5",2025-10-09
KCHOL,"167,5",2025-10-09
EKGYO,"19,51",2025-10-09
PGSUS,"216,4",2025-10-09
SISE,35,2025-10-09
EREGL,28,2025-10-09
KRDMD,"26,64",2025-10-09
SAHOL,"81,9",2025-10-09
YKBNK,"31,2",2025-10-09
ASTOR,"91,05",2025-10-09
FROTO,"94,05",2025-10-09
GARAN,130,2025-10-09
AKBNK,"57,35",2025-10-09
SASA,"3,11",2025-10-09
ISCTR,"12,1",2025-10-09
DSTKF,"475,25",2025-10-09
TOASO,"282,75",2025-10-08
PETKM,"19,15",2025-10-08
TCELL,"98,45",2025-10-08
GUBRF,"287,25",2025-10-08
KOZAL,"25,4",2025-10-08
ASELS,"215,6",2025-10-08
BIMAS,556,2025-10-08
AEFES,"13,95",2025-10-08
EKGYO,"19,68",2025-10-08
ENKAI,"69,45",2025-10-08
MGROS,"451,7",2025-10-08
TAVHL,"233,8",2025-10-08
TTKOM,"50,85",2025-10-08
KCHOL,"168,4",2025-10-08
ULKER,105,2025-10-08
PGSUS,"216,5",2025-10-08
THYAO,"310,25",2025-10-08
TUPRS,"180,5",2025-10-08
SAHOL,"82,55",2025-10-08
EREGL,"27,82",2025-10-08
FROTO,"95,9",2025-10-08
KRDMD,"26,7",2025-10-08
YKBNK,"31,4",2025-10-08
SISE,35,2025-10-08
ASTOR,"91,95",2025-10-08
AKBNK,"58,1",2025-10-08
GARAN,"130,9",2025-10-08
ISCTR,"12,6",2025-10-08
SASA,"3,16",2025-10-08
DSTKF,528,2025-10-08
TOASO,"278,75",2025-10-07
PETKM,"19,3",2025-10-07
BIMAS,567,2025-10-07
MGROS,"463,61",2025-10-07
TCELL,"100,4",2025-10-07
PGSUS,"224,1",2025-10-07
TTKOM,"52,25",2025-10-07
ULKER,"105,8",2025-10-07
KRDMD,"27,88",2025-10-07
TAVHL,"236,9",2025-10-07
AEFES,"13,8",2025-10-07
KOZAL,"24,94",2025-10-07
THYAO,"313,75",2025-10-07
KCHOL,"170,3",2025-10-07
EKGYO,"19,6",2025-10-07
ENKAI,"69,5",2025-10-07
GUBRF,"280,5",2025-10-07
EREGL,29,2025-10-07
ASELS,"209,5",2025-10-07
TUPRS,"180,6",2025-10-07
SAHOL,"84,35",2025-10-07
FROTO,"97,35",2025-10-07
GARAN,"134,5",2025-10-07
SISE,"35,32",2025-10-07
YKBNK,"31,46",2025-10-07
AKBNK,"59,1",2025-10-07
ASTOR,"93,75",2025-10-07
ISCTR,"12,89",2025-10-07
SASA,"3,22",2025-10-07
DSTKF,480,2025-10-07
TOASO,269,2025-10-06
BIMAS,"561,5",2025-10-06
MGROS,"459,64",2025-10-06
PETKM,"18,9",2025-10-06
TCELL,"98,8",2025-10-06
ASELS,"215,2",2025-10-06
PGSUS,"220,8",2025-10-06
KOZAL,"25,16",2025-10-06
TTKOM,"51,5",2025-10-06
ULKER,"105,2",2025-10-06
TUPRS,182,2025-10-06
KRDMD,"27,88",2025-10-06
EREGL,"29,02",2025-10-06
EKGYO,"19,21",2025-10-06
TAVHL,"231,1",2025-10-06
KCHOL,"167,6",2025-10-06
AEFES,"13,51",2025-10-06
ENKAI,"68,1",2025-10-06
FROTO,"96,55",2025-10-06
GUBRF,"276,25",2025-10-06
THYAO,"305,5",2025-10-06
GARAN,133,2025-10-06
YKBNK,"31,4",2025-10-06
SAHOL,"82,25",2025-10-06
AKBNK,"58,45",2025-10-06
SISE,"35,14",2025-10-06
ISCTR,"12,9",2025-10-06
ASTOR,"92,05",2025-10-06
SASA,"3,23",2025-10-06
DSTKF,"510,5",2025-10-06
BIMAS,"563,5",2025-10-03
TOASO,"265,5",2025-10-03
MGROS,"468,08",2025-10-03
ASELS,"216,1",2025-10-03
TCELL,"98,1",2025-10-03
PGSUS,"222,3",2025-10-03
TUPRS,"185,1",2025-10-03
KOZAL,"25,4",2025-10-03
ULKER,106,2025-10-03
TTKOM,"51,2",2025-10-03
EKGYO,"19,51",2025-10-03
PETKM,"18,29",2025-10-03
ENKAI,"70,4",2025-10-03
EREGL,"29,34",2025-10-03
FROTO,"98,8",2025-10-03
TAVHL,"233,6",2025-10-03
KRDMD,"27,8",2025-10-03
YKBNK,"32,44",2025-10-03
KCHOL,"167,7",2025-10-03
GARAN,"135,7",2025-10-03
THYAO,311,2025-10-03
AEFES,"13,67",2025-10-03
GUBRF,"281,25",2025-10-03
ISCTR,"13,23",2025-10-03
AKBNK,"59,45",2025-10-03
SISE,"35,6",2025-10-03
SAHOL,"81,35",2025-10-03
ASTOR,"93,3",2025-10-03
SASA,"3,34",2025-10-03
DSTKF,567,2025-10-03
BIMAS,567,2025-10-02
TOASO,268,2025-10-02
MGROS,"463,36",2025-10-02
TCELL,"101,4",2025-10-02
EKGYO,"20,7",2025-10-02
TUPRS,191,2025-10-02
ASELS,217,2025-10-02
TTKOM,"52,7",2025-10-02
PGSUS,224,2025-10-02
YKBNK,"34,18",2025-10-02
KCHOL,"173,8",2025-10-02
TAVHL,"236,5",2025-10-02
ULKER,"107,2",2025-10-02
GARAN,"140,5",2025-10-02
KOZAL,"25,18",2025-10-02
FROTO,"99,9",2025-10-02
ENKAI,"70,7",2025-10-02
PETKM,"18,27",2025-10-02
EREGL,"29,66",2025-10-02
AKBNK,"62,45",2025-10-02
ISCTR,"13,95",2025-10-02
THYAO,315,2025-10-02
SAHOL,"86,5",2025-10-02
KRDMD,"27,62",2025-10-02
AEFES,"13,75",2025-10-02
DSTKF,630,2025-10-02
GUBRF,280,2025-10-02
ASTOR,"96,4",2025-10-02
SISE,"35,88",2025-10-02
SASA,"3,38",2025-10-02
BIMAS,"567,5",2025-10-01
TOASO,"268,5",2025-10-01
TUPRS,"191,5",2025-10-01
EKGYO,"20,66",2025-10-01
YKBNK,"35,34",2025-10-01
MGROS,"460,14",2025-10-01
ASELS,"218,1",2025-10-01
TCELL,"99,5",2025-10-01
GARAN,146,2025-10-01
TAVHL,"241,9",2025-10-01
ISCTR,"14,54",2025-10-01
TTKOM,"52,5",2025-10-01
ULKER,"108,7",2025-10-01
DSTKF,700,2025-10-01
EREGL,"29,9",2025-10-01
KOZAL,"25,48",2025-10-01
KCHOL,176,2025-10-01
KRDMD,"28,7",2025-10-01
AKBNK,"64,25",2025-10-01
PETKM,"18,38",2025-10-01
FROTO,"100,3",2025-10-01
ENKAI,"71,3",2025-10-01
THYAO,"315,75",2025-10-01
SAHOL,"88,4",2025-10-01
PGSUS,"220,3",2025-10-01
GUBRF,284,2025-10-01
AEFES,"14,04",2025-10-01
SISE,"37,48",2025-10-01
ASTOR,"99,55",2025-10-01
SASA,"3,52",2025-10-01
ASELS,215,2025-09-30
BIMAS,541,2025-09-30
CIMSA,"47,1",2025-09-30
TCELL,"97,85",2025-09-30
TUPRS,"186,5",2025-09-30
TAVHL,240,2025-09-30
EKGYO,"19,87",2025-09-30
TOASO,"259,25",2025-09-30
YKBNK,"33,94",2025-09-30
KOZAL,"25,22",2025-09-30
MGROS,"441,77",2025-09-30
GARAN,"139,8",2025-09-30
THYAO,315,2025-09-30
PETKM,"18,09",2025-09-30
KCHOL,"172,9",2025-09-30
EREGL,"29,4",2025-09-30
ISCTR,"14,15",2025-09-30
KRDMD,"28,4",2025-09-30
GUBRF,"285,25",2025-09-30
ULKER,"104,5",2025-09-30
AKBNK,"62,7",2025-09-30
FROTO,"99,05",2025-09-30
TTKOM,"50,8",2025-09-30
SAHOL,"86,8",2025-09-30
ENKAI,"70,4",2025-09-30
PGSUS,"216,5",2025-09-30
SISE,"37,32",2025-09-30
ASTOR,"97,6",2025-09-30
SASA,"3,75",2025-09-30
AEFES,"13,83",2025-09-30
ASELS,"216,3",2025-09-29
BIMAS,535,2025-09-29
TUPRS,"193,3",2025-09-29
YKBNK,"34,1",2025-09-29
TCELL,"97,3",2025-09-29
KOZAL,"25,42",2025-09-29
PETKM,"18,34",2025-09-29
THYAO,"319,25",2025-09-29
EREGL,"29,36",2025-09-29
EKGYO,"19,55",2025-09-29
KRDMD,"28,42",2025-09-29
CIMSA,"45,5",2025-09-29
TAVHL,235,2025-09-29
MGROS,"437,06",2025-09-29
TOASO,"252,75",2025-09-29
ULKER,"105,4",2025-09-29
GUBRF,290,2025-09-29
FROTO,"99,4",2025-09-29
ISCTR,"14,11",2025-09-29
KCHOL,"171,7",2025-09-29
SISE,"37,54",2025-09-29
ENKAI,"70,55",2025-09-29
GARAN,"137,6",2025-09-29
TTKOM,"50,55",2025-09-29
SAHOL,"86,95",2025-09-29
PGSUS,"215,2",2025-09-29
SASA,"3,8",2025-09-29
AKBNK,"61,2",2025-09-29
AEFES,"13,65",2025-09-29
ASTOR,"96,65",2025-09-29
ASELS,"217,3",2025-09-26
GUBRF,311,2025-09-26
KOZAL,"25,84",2025-09-26
TUPRS,"192,8",2025-09-26
PETKM,19,2025-09-26
EREGL,"30,32",2025-09-26
TCELL,"96,9",2025-09-26
BIMAS,526,2025-09-26
THYAO,"319,75",2025-09-26
YKBNK,"34,16",2025-09-26
TAVHL,"239,6",2025-09-26
TOASO,"256,75",2025-09-26
MGROS,"441,77",2025-09-26
KRDMD,"28,78",2025-09-26
CIMSA,46,2025-09-26
SISE,"38,14",2025-09-26
FROTO,"100,7",2025-09-26
ULKER,"106,5",2025-09-26
ENKAI,"71,5",2025-09-26
SAHOL,"88,05",2025-09-26
SASA,"3,94",2025-09-26
GARAN,"139,8",2025-09-26
KCHOL,"172,4",2025-09-26
ISCTR,"14,15",2025-09-26
TTKOM,"50,95",2025-09-26
PGSUS,219,2025-09-26
ASTOR,102,2025-09-26
EKGYO,"18,98",2025-09-26
AKBNK,"61,8",2025-09-26
AEFES,"14,02",2025-09-26
EREGL,"32,44",2025-09-25
ASELS,"218,3",2025-09-25
TUPRS,"200,6",2025-09-25
GUBRF,"311,25",2025-09-25
KOZAL,"26,22",2025-09-25
KRDMD,"30,2",2025-09-25
PETKM,"19,18",2025-09-25
BIMAS,532,2025-09-25
TCELL,"98,2",2025-09-25
SISE,"39,96",2025-09-25
THYAO,"328,25",2025-09-25
YKBNK,"34,54",2025-09-25
ULKER,109,2025-09-25
EKGYO,"19,89",2025-09-25
ENKAI,"73,7",2025-09-25
TOASO,"261,25",2025-09-25
MGROS,444,2025-09-25
TTKOM,"52,6",2025-09-25
KCHOL,"178,9",2025-09-25
SASA,"4,07",2025-09-25
ISCTR,"14,55",2025-09-25
CIMSA,"46,02",2025-09-25
SAHOL,"90,9",2025-09-25
FROTO,"103,1",2025-09-25
GARAN,"142,5",2025-09-25
AKBNK,"64,65",2025-09-25
TAVHL,"237,4",2025-09-25
ASTOR,"104,9",2025-09-25
PGSUS,"223,9",2025-09-25
AEFES,"14,49",2025-09-25
EREGL,"31,44",2025-09-24
ASELS,"217,5",2025-09-24
GUBRF,309,2025-09-24
KOZAL,"26,3",2025-09-24
TUPRS,"197,6",2025-09-24
TCELL,"99,6",2025-09-24
KRDMD,"29,98",2025-09-24
BIMAS,"536,5",2025-09-24
YKBNK,"34,56",2025-09-24
PETKM,"18,6",2025-09-24
SISE,"39,7",2025-09-24
TOASO,"262,75",2025-09-24
ENKAI,"75,25",2025-09-24
THYAO,324,2025-09-24
MGROS,"447,73",2025-09-24
CIMSA,"46,68",2025-09-24
EKGYO,"20,28",2025-09-24
TTKOM,"52,9",2025-09-24
ULKER,"109,3",2025-09-24
GARAN,146,2025-09-24
AKBNK,"65,55",2025-09-24
ISCTR,"14,68",2025-09-24
KCHOL,"177,9",2025-09-24
SAHOL,"91,1",2025-09-24
TAVHL,"238,2",2025-09-24
SASA,"3,99",2025-09-24
PGSUS,"224,7",2025-09-24
ASTOR,"105,2",2025-09-24
AEFES,"14,82",2025-09-24
FROTO,101,2025-09-24
EREGL,"31,66",2025-09-23
ASELS,"211,2",2025-09-23
KOZAL,"26,12",2025-09-23
GUBRF,"301,75",2025-09-23
KRDMD,"29,8",2025-09-23
TUPRS,"195,6",2025-09-23
BIMAS,538,2025-09-23
TCELL,"99,05",2025-09-23
YKBNK,"34,98",2025-09-23
SISE,"40,7",2025-09-23
CIMSA,"47,44",2025-09-23
TTKOM,"53,5",2025-09-23
ENKAI,"74,95",2025-09-23
ISCTR,"14,85",2025-09-23
PETKM,"18,52",2025-09-23
TOASO,"261,5",2025-09-23
ULKER,"109,7",2025-09-23
THYAO,"324,75",2025-09-23
GARAN,"146,5",2025-09-23
KCHOL,179,2025-09-23
AKBNK,66,2025-09-23
SASA,"4,01",2025-09-23
MGROS,"445,74",2025-09-23
SAHOL,"90,6",2025-09-23
TAVHL,"241,5",2025-09-23
EKGYO,"19,75",2025-09-23
AEFES,"15,12",2025-09-23
PGSUS,"227,4",2025-09-23
ASTOR,105,2025-09-23
FROTO,"101,7",2025-09-23
ASELS,"213,6",2025-09-22
GUBRF,"310,5",2025-09-22
KOZAL,"25,96",2025-09-22
EREGL,"29,62",2025-09-22
YKBNK,"35,58",2025-09-22
KRDMD,"29,5",2025-09-22
TUPRS,"195,7",2025-09-22
BIMAS,542,2025-09-22
TOASO,"269,25",2025-09-22
TCELL,"98,9",2025-09-22
KCHOL,"185,2",2025-09-22
SISE,"40,18",2025-09-22
TTKOM,"54,15",2025-09-22
ENKAI,"75,5",2025-09-22
SASA,"4,19",2025-09-22
AKBNK,"67,7",2025-09-22
ISCTR,"15,2",2025-09-22
SAHOL,"94,25",2025-09-22
GARAN,"149,6",2025-09-22
PETKM,"18,41",2025-09-22
AEFES,"15,61",2025-09-22
ULKER,"111,2",2025-09-22
CIMSA,"47,42",2025-09-22
MGROS,"453,44",2025-09-22
TAVHL,"245,5",2025-09-22
EKGYO,"20,3",2025-09-22
THYAO,326,2025-09-22
PGSUS,"233,8",2025-09-22
FROTO,"105,1",2025-09-22
ASTOR,"107,5",2025-09-22
ASELS,"204,4",2025-09-19
KRDMD,30,2025-09-19
TUPRS,195,2025-09-19
GUBRF,"290,25",2025-09-19
EREGL,"28,94",2025-09-19
ENKAI,"75,9",2025-09-19
KOZAL,"25,04",2025-09-19
YKBNK,"34,68",2025-09-19
BIMAS,532,2025-09-19
TOASO,"265,25",2025-09-19
KCHOL,"183,5",2025-09-19
TCELL,97,2025-09-19
SASA,"4,07",2025-09-19
TTKOM,"53,65",2025-09-19
ISCTR,"15,07",2025-09-19
SAHOL,"93,4",2025-09-19
SISE,"39,28",2025-09-19
ULKER,"110,3",2025-09-19
AKBNK,"66,65",2025-09-19
GARAN,148,2025-09-19
AEFES,"15,59",2025-09-19
PETKM,"18,05",2025-09-19
EKGYO,"20,3",2025-09-19
MGROS,"446,98",2025-09-19
CIMSA,"46,4",2025-09-19
PGSUS,"232,6",2025-09-19
FROTO,"105,8",2025-09-19
THYAO,"319,75",2025-09-19
TAVHL,"242,2",2025-09-19
ASTOR,"109,8",2025-09-19
TUPRS,"191,4",2025-09-18
ASELS,"192,2",2025-09-18
GUBRF,"291,5",2025-09-18
ENKAI,"74,95",2025-09-18
TOASO,"260,75",2025-09-18
KOZAL,25,2025-09-18
YKBNK,"33,52",2025-09-18
KRDMD,"28,12",2025-09-18
TCELL,"94,8",2025-09-18
KCHOL,"177,5",2025-09-18
SASA,"4,03",2025-09-18
BIMAS,"512,5",2025-09-18
AKBNK,"65,05",2025-09-18
SAHOL,"91,3",2025-09-18
ISCTR,"14,45",2025-09-18
AEFES,"15,34",2025-09-18
SISE,"38,52",2025-09-18
ULKER,"107,7",2025-09-18
GARAN,"143,6",2025-09-18
EREGL,"27,24",2025-09-18
CIMSA,46,2025-09-18
PETKM,"17,76",2025-09-18
TTKOM,52,2025-09-18
MGROS,"439,54",2025-09-18
PGSUS,"229,8",2025-09-18
FROTO,"104,1",2025-09-18
TAVHL,"240,5",2025-09-18
EKGYO,"19,61",2025-09-18
THYAO,"317,75",2025-09-18
ASTOR,110,2025-09-18
TUPRS,"190,2",2025-09-17
ASELS,"194,1",2025-09-17
GUBRF,"294,5",2025-09-17
TOASO,262,2025-09-17
YKBNK,"34,34",2025-09-17
ENKAI,"75,2",2025-09-17
ISCTR,"15,02",2025-09-17
SASA,"4,21",2025-09-17
AKBNK,"67,35",2025-09-17
KCHOL,"179,8",2025-09-17
GARAN,"148,5",2025-09-17
TCELL,"95,75",2025-09-17
KOZAL,"24,52",2025-09-17
KRDMD,"27,76",2025-09-17
SAHOL,"92,65",2025-09-17
BIMAS,"517,5",2025-09-17
EKGYO,"20,18",2025-09-17
EREGL,"27,52",2025-09-17
CIMSA,"46,72",2025-09-17
ULKER,"108,6",2025-09-17
SISE,"38,34",2025-09-17
TTKOM,"52,35",2025-09-17
PETKM,"17,9",2025-09-17
AEFES,"15,22",2025-09-17
TAVHL,"241,7",2025-09-17
FROTO,105,2025-09-17
PGSUS,"230,2",2025-09-17
ASTOR,112,2025-09-17
THYAO,"321,5",2025-09-17
MGROS,"441,77",2025-09-17
TOASO,"268,25",2025-09-16
ASELS,"195,2",2025-09-16
TUPRS,189,2025-09-16
YKBNK,"34,04",2025-09-16
GARAN,"149,8",2025-09-16
ENKAI,"74,3",2025-09-16
ISCTR,"14,93",2025-09-16
KCHOL,"181,2",2025-09-16
AKBNK,"66,6",2025-09-16
SAHOL,"92,6",2025-09-16
TCELL,"95,2",2025-09-16
KRDMD,"27,62",2025-09-16
EKGYO,"20,56",2025-09-16
ASTOR,"118,6",2025-09-16
TAVHL,"249,7",2025-09-16
BIMAS,525,2025-09-16
FROTO,"108,4",2025-09-16
GUBRF,"278,5",2025-09-16
ULKER,109,2025-09-16
EREGL,"27,62",2025-09-16
CIMSA,"47,18",2025-09-16
SASA,"4,03",2025-09-16
AEFES,"15,45",2025-09-16
KOZAL,"24,5",2025-09-16
SISE,"38,76",2025-09-16
PGSUS,"232,5",2025-09-16
PETKM,"18,03",2025-09-16
THYAO,327,2025-09-16
MGROS,"446,24",2025-09-16
TTKOM,"51,9",2025-09-16
TOASO,"260,5",2025-09-15
TUPRS,"183,7",2025-09-15
ISCTR,"14,87",2025-09-15
ENKAI,"74,85",2025-09-15
KCHOL,"179,9",2025-09-15
YKBNK,"33,02",2025-09-15
EKGYO,"20,7",2025-09-15
ASELS,"185,2",2025-09-15
ASTOR,"119,4",2025-09-15
BIMAS,"524,5",2025-09-15
GARAN,"146,3",2025-09-15
THYAO,"331,75",2025-09-15
SAHOL,"92,1",2025-09-15
TCELL,"93,65",2025-09-15
SISE,"38,8",2025-09-15
AKBNK,"65,45",2025-09-15
ULKER,109,2025-09-15
EREGL,"27,5",2025-09-15
PGSUS,"233,8",2025-09-15
KRDMD,"27,14",2025-09-15
PETKM,18,2025-09-15
CIMSA,"46,38",2025-09-15
TAVHL,"244,8",2025-09-15
FROTO,"105,3",2025-09-15
GUBRF,274,2025-09-15
SASA,"3,96",2025-09-15
KOZAL,"23,36",2025-09-15
AEFES,"15,19",2025-09-15
TTKOM,52,2025-09-15
MGROS,444,2025-09-15
ASTOR,"116,5",2025-09-12
TUPRS,"173,4",2025-09-12
TOASO,"240,5",2025-09-12
ISCTR,"13,95",2025-09-12
YKBNK,"31,1",2025-09-12
ASELS,"173,9",2025-09-12
ENKAI,"68,25",2025-09-12
GARAN,"137,9",2025-09-12
EKGYO,"19,3",2025-09-12
TCELL,"89,45",2025-09-12
KCHOL,"166,5",2025-09-12
SAHOL,"86,05",2025-09-12
AKBNK,62,2025-09-12
THYAO,314,2025-09-12
ULKER,103,2025-09-12
PGSUS,"222,6",2025-09-12
BIMAS,"488,5",2025-09-12
SISE,"36,3",2025-09-12
FROTO,"100,8",2025-09-12
CIMSA,"44,08",2025-09-12
PETKM,"17,11",2025-09-12
TAVHL,"231,5",2025-09-12
KRDMD,"25,58",2025-09-12
GUBRF,"259,5",2025-09-12
SASA,"3,6",2025-09-12
KOZAL,"22,06",2025-09-12
EREGL,"25,7",2025-09-12
AEFES,"14,32",2025-09-12
TTKOM,"48,88",2025-09-12
MGROS,"419,43",2025-09-12
TOASO,"239,6",2025-09-11
TUPRS,175,2025-09-11
ISCTR,"13,83",2025-09-11
YKBNK,31,2025-09-11
THYAO,316,2025-09-11
GARAN,"137,8",2025-09-11
ASTOR,"111,2",2025-09-11
EKGYO,"19,22",2025-09-11
KOZAL,"23,04",2025-09-11
KCHOL,166,2025-09-11
ASELS,"172,1",2025-09-11
SAHOL,"86,05",2025-09-11
TCELL,"88,65",2025-09-11
ENKAI,"66,85",2025-09-11
TAVHL,"232,3",2025-09-11
BIMAS,489,2025-09-11
FROTO,101,2025-09-11
SISE,"36,48",2025-09-11
ULKER,"102,1",2025-09-11
AKBNK,61,2025-09-11
CIMSA,"44,42",2025-09-11
KRDMD,"25,66",2025-09-11
PGSUS,"220,9",2025-09-11
PETKM,"17,07",2025-09-11
GUBRF,"260,25",2025-09-11
SASA,"3,75",2025-09-11
TTKOM,50,2025-09-11
AEFES,"14,41",2025-09-11
EREGL,"25,7",2025-09-11
MGROS,"418,94",2025-09-11
EKGYO,"20,5",2025-09-10
TOASO,"240,1",2025-09-10
TUPRS,"170,5",2025-09-10
ASTOR,115,2025-09-10
GARAN,"141,9",2025-09-10
YKBNK,"31,54",2025-09-10
ASELS,"177,4",2025-09-10
ISCTR,"13,94",2025-09-10
THYAO,"322,5",2025-09-10
AKBNK,"63,9",2025-09-10
KOZAL,"23,5",2025-09-10
TAVHL,"240,1",2025-09-10
SAHOL,"87,35",2025-09-10
CIMSA,"44,88",2025-09-10
KCHOL,"167,5",2025-09-10
TCELL,"88,75",2025-09-10
GUBRF,"267,75",2025-09-10
FROTO,"102,7",2025-09-10
ULKER,"104,5",2025-09-10
BIMAS,494,2025-09-10
ENKAI,"66,45",2025-09-10
AEFES,"15,02",2025-09-10
TTKOM,"50,85",2025-09-10
KRDMD,26,2025-09-10
SASA,"3,92",2025-09-10
SISE,"36,72",2025-09-10
PGSUS,"222,8",2025-09-10
PETKM,"17,27",2025-09-10
EREGL,"26,02",2025-09-10
MGROS,"431,1",2025-09-10
TOASO,237,2025-09-09
KOZAL,"23,7",2025-09-09
TUPRS,"168,3",2025-09-09
ASTOR,"113,6",2025-09-09
GARAN,"138,1",2025-09-09
EKGYO,"19,74",2025-09-09
YKBNK,"30,84",2025-09-09
FROTO,"102,9",2025-09-09
THYAO,"316,75",2025-09-09
TCELL,"89,1",2025-09-09
ASELS,"173,7",2025-09-09
ISCTR,"13,63",2025-09-09
AKBNK,"62,8",2025-09-09
GUBRF,"268,5",2025-09-09
ENKAI,"66,8",2025-09-09
CIMSA,"44,8",2025-09-09
SAHOL,"86,2",2025-09-09
KCHOL,166,2025-09-09
TTKOM,"50,9",2025-09-09
TAVHL,233,2025-09-09
BIMAS,"486,25",2025-09-09
ULKER,"102,2",2025-09-09
SASA,"3,91",2025-09-09
SISE,"36,34",2025-09-09
KRDMD,"25,88",2025-09-09
EREGL,"26,26",2025-09-09
PETKM,"17,3",2025-09-09
PGSUS,"220,8",2025-09-09
AEFES,"14,67",2025-09-09
MGROS,"427,62",2025-09-09
FROTO,"105,6",2025-09-08
ASTOR,"110,7",2025-09-08
KOZAL,"23,28",2025-09-08
TUPRS,"165,9",2025-09-08
ASELS,"173,5",2025-09-08
GARAN,"136,8",2025-09-08
TCELL,"88,9",2025-09-08
ENKAI,"67,85",2025-09-08
CIMSA,"44,98",2025-09-08
EKGYO,"18,94",2025-09-08
GUBRF,"268,5",2025-09-08
YKBNK,"30,02",2025-09-08
THYAO,309,2025-09-08
BIMAS,487,2025-09-08
ISCTR,"13,4",2025-09-08
TOASO,"222,7",2025-09-08
TTKOM,"51,1",2025-09-08
SISE,"36,58",2025-09-08
AKBNK,"61,55",2025-09-08
SAHOL,"85,45",2025-09-08
KCHOL,"164,5",2025-09-08
MGROS,"433,83",2025-09-08
EREGL,"26,5",2025-09-08
KRDMD,"25,76",2025-09-08
PETKM,"17,42",2025-09-08
TAVHL,"229,7",2025-09-08
SASA,"3,99",2025-09-08
ULKER,"101,9",2025-09-08
PGSUS,"220,2",2025-09-08
AEFES,"14,5",2025-09-08
KOZAL,"24,2",2025-09-05
ASTOR,113,2025-09-05
FROTO,107,2025-09-05
BIMAS,515,2025-09-05
TUPRS,"167,5",2025-09-05
ENKAI,"69,2",2025-09-05
ASELS,175,2025-09-05
THYAO,"319,5",2025-09-05
TAVHL,243,2025-09-05
GARAN,"138,8",2025-09-05
SASA,"4,43",2025-09-05
TCELL,"90,05",2025-09-05
TTKOM,"52,9",2025-09-05
GUBRF,"269,5",2025-09-05
MGROS,"454,43",2025-09-05
EKGYO,"19,51",2025-09-05
SISE,"37,68",2025-09-05
EREGL,"27,34",2025-09-05
CIMSA,"45,06",2025-09-05
TOASO,"225,1",2025-09-05
ISCTR,"13,69",2025-09-05
PETKM,"18,18",2025-09-05
KRDMD,"26,74",2025-09-05
KCHOL,168,2025-09-05
YKBNK,"30,3",2025-09-05
ULKER,105,2025-09-05
AKBNK,"62,45",2025-09-05
SAHOL,"85,8",2025-09-05
PGSUS,"225,9",2025-09-05
AEFES,"14,9",2025-09-05
ASTOR,"117,9",2025-09-04
KOZAL,"23,78",2025-09-04
TUPRS,"168,8",2025-09-04
ASELS,182,2025-09-04
BIMAS,516,2025-09-04
GUBRF,281,2025-09-04
THYAO,"322,5",2025-09-04
EREGL,"28,18",2025-09-04
ENKAI,"69,1",2025-09-04
TAVHL,"243,5",2025-09-04
TCELL,"90,5",2025-09-04
SISE,"38,16",2025-09-04
SASA,"4,43",2025-09-04
CIMSA,"46,06",2025-09-04
GARAN,"138,4",2025-09-04
MGROS,"457,41",2025-09-04
FROTO,"104,6",2025-09-04
KRDMD,"27,38",2025-09-04
EKGYO,"19,32",2025-09-04
TTKOM,"52,85",2025-09-04
TOASO,"227,5",2025-09-04
KCHOL,"170,2",2025-09-04
PETKM,"18,45",2025-09-04
PGSUS,"231,1",2025-09-04
ULKER,"106,1",2025-09-04
SAHOL,"87,5",2025-09-04
AEFES,"15,38",2025-09-04
YKBNK,"30,22",2025-09-04
ISCTR,"13,58",2025-09-04
AKBNK,"61,6",2025-09-04
TUPRS,"170,9",2025-09-03
GUBRF,287,2025-09-03
THYAO,"329,25",2025-09-03
KOZAL,"23,82",2025-09-03
ASTOR,"112,1",2025-09-03
ASELS,"178,8",2025-09-03
EREGL,"28,5",2025-09-03
BIMAS,"510,5",2025-09-03
TAVHL,"244,8",2025-09-03
FROTO,"105,2",2025-09-03
ENKAI,"68,5",2025-09-03
SASA,"4,52",2025-09-03
TCELL,"90,65",2025-09-03
SISE,"38,26",2025-09-03
MGROS,"454,18",2025-09-03
TOASO,228,2025-09-03
CIMSA,"45,26",2025-09-03
GARAN,"133,8",2025-09-03
EKGYO,"19,08",2025-09-03
TTKOM,"52,7",2025-09-03
ULKER,"105,6",2025-09-03
PGSUS,231,2025-09-03
KCHOL,"167,9",2025-09-03
PETKM,"18,52",2025-09-03
AEFES,"15,45",2025-09-03
KRDMD,"26,9",2025-09-03
AKBNK,"60,8",2025-09-03
SAHOL,"86,1",2025-09-03
ISCTR,"13,11",2025-09-03
YKBNK,"29,24",2025-09-03
GUBRF,"285,5",2025-09-02
TUPRS,"170,1",2025-09-02
ASTOR,112,2025-09-02
THYAO,"327,5",2025-09-02
EKGYO,"20,7",2025-09-02
EREGL,"28,52",2025-09-02
BIMAS,"509,5",2025-09-02
SASA,"4,62",2025-09-02
KOZAL,"23,26",2025-09-02
ENKAI,"68,8",2025-09-02
GARAN,"140,6",2025-09-02
AKBNK,"66,05",2025-09-02
ASELS,"174,2",2025-09-02
SISE,"38,92",2025-09-02
TOASO,"232,6",2025-09-02
CIMSA,"46,66",2025-09-02
TCELL,"91,2",2025-09-02
YKBNK,"31,58",2025-09-02
TAVHL,241,2025-09-02
FROTO,"104,9",2025-09-02
MGROS,"459,89",2025-09-02
KCHOL,"172,3",2025-09-02
PETKM,"18,64",2025-09-02
ULKER,"107,8",2025-09-02
PGSUS,"235,6",2025-09-02
AEFES,"15,74",2025-09-02
SAHOL,"89,1",2025-09-02
ISCTR,"13,81",2025-09-02
TTKOM,"52,6",2025-09-02
KRDMD,"27,14",2025-09-02
ASTOR,"118,7",2025-09-01
GUBRF,"292,25",2025-09-01
EREGL,"29,84",2025-09-01
TUPRS,"173,2",2025-09-01
THYAO,"337,5",2025-09-01
EKGYO,"21,18",2025-09-01
AKBNK,"69,2",2025-09-01
KOZAL,"24,28",2025-09-01
ENKAI,"72,95",2025-09-01
BIMAS,"529,5",2025-09-01
TOASO,"246,9",2025-09-01
GARAN,146,2025-09-01
KCHOL,"184,1",2025-09-01
SASA,"4,58",2025-09-01
YKBNK,"33,42",2025-09-01
FROTO,"110,8",2025-09-01
AEFES,"17,07",2025-09-01
ISCTR,"14,83",2025-09-01
ASELS,"178,5",2025-09-01
SISE,"40,58",2025-09-01
PETKM,"19,9",2025-09-01
SAHOL,"95,15",2025-09-01
ULKER,"114,6",2025-09-01
TAVHL,251,2025-09-01
CIMSA,"47,88",2025-09-01
KRDMD,"28,72",2025-09-01
MGROS,"473,79",2025-09-01
TCELL,"93,25",2025-09-01
PGSUS,246,2025-09-01
TTKOM,"54,35",2025-09-01
GUBRF,"291,5",2025-08-29
ASTOR,"118,1",2025-08-29
EREGL,"29,86",2025-08-29
TOASO,"250,25",2025-08-29
TUPRS,"172,2",2025-08-29
BIMAS,530,2025-08-29
ENKAI,"73,15",2025-08-29
SASA,"4,69",2025-08-29
ISCTR,"15,05",2025-08-29
THYAO,335,2025-08-29
ASELS,"183,3",2025-08-29
EKGYO,"20,7",2025-08-29
KOZAL,"24,06",2025-08-29
KCHOL,"183,3",2025-08-29
AKBNK,"68,25",2025-08-29
PETKM,20,2025-08-29
FROTO,"111,7",2025-08-29
KRDMD,"29,4",2025-08-29
MGROS,"482,22",2025-08-29
TAVHL,"253,5",2025-08-29
GARAN,"144,1",2025-08-29
SISE,"40,7",2025-08-29
AEFES,"16,92",2025-08-29
YKBNK,"32,88",2025-08-29
CIMSA,"48,4",2025-08-29
SAHOL,"94,2",2025-08-29
ULKER,"113,4",2025-08-29
TCELL,"94,8",2025-08-29
TTKOM,"55,55",2025-08-29
PGSUS,249,2025-08-29
GUBRF,"293,75",2025-08-28
TOASO,"254,5",2025-08-28
SASA,"4,83",2025-08-28
PETKM,"20,96",2025-08-28
ASELS,"183,8",2025-08-28
TUPRS,171,2025-08-28
THYAO,340,2025-08-28
BIMAS,536,2025-08-28
EREGL,"29,8",2025-08-28
AKBNK,"69,5",2025-08-28
ISCTR,"15,14",2025-08-28
TTKOM,"58,4",2025-08-28
EKGYO,"20,84",2025-08-28
KCHOL,"184,8",2025-08-28
KRDMD,"29,82",2025-08-28
KOZAL,"24,26",2025-08-28
GARAN,"145,8",2025-08-28
YKBNK,"33,3",2025-08-28
FROTO,"111,8",2025-08-28
SAHOL,"95,95",2025-08-28
TCELL,"96,75",2025-08-28
TAVHL,"259,75",2025-08-28
AEFES,"17,32",2025-08-28
ULKER,117,2025-08-28
ASTOR,"113,7",2025-08-28
CIMSA,"48,9",2025-08-28
ENKAI,"71,95",2025-08-28
MGROS,"485,95",2025-08-28
SISE,"40,74",2025-08-28
PGSUS,"252,75",2025-08-28
SASA,"4,89",2025-08-27
PETKM,"21,48",2025-08-27
TTKOM,"60,65",2025-08-27
GUBRF,290,2025-08-27
EKGYO,"21,16",2025-08-27
TOASO,"247,7",2025-08-27
TCELL,"99,6",2025-08-27
TUPRS,"171,1",2025-08-27
FROTO,"113,4",2025-08-27
ISCTR,"15,11",2025-08-27
EREGL,"29,58",2025-08-27
ASELS,"183,3",2025-08-27
KCHOL,"185,8",2025-08-27
THYAO,"338,75",2025-08-27
BIMAS,"530,5",2025-08-27
AKBNK,69,2025-08-27
KRDMD,"29,68",2025-08-27
KOZAL,"24,06",2025-08-27
SAHOL,"96,1",2025-08-27
CIMSA,"49,3",2025-08-27
ULKER,117,2025-08-27
YKBNK,"33,32",2025-08-27
GARAN,"145,1",2025-08-27
AEFES,"17,25",2025-08-27
ASTOR,"112,4",2025-08-27
TAVHL,"258,75",2025-08-27
SISE,"40,94",2025-08-27
ENKAI,72,2025-08-27
MGROS,"487,44",2025-08-27
PGSUS,255,2025-08-27
SASA,"5,16",2025-08-26
PETKM,"21,58",2025-08-26
FROTO,"118,3",2025-08-26
GUBRF,295,2025-08-26
TTKOM,"61,4",2025-08-26
TOASO,"253,25",2025-08-26
KRDMD,"30,48",2025-08-26
KCHOL,"190,4",2025-08-26
ASELS,"185,5",2025-08-26
EKGYO,"21,04",2025-08-26
AKBNK,"70,5",2025-08-26
TUPRS,"171,6",2025-08-26
KOZAL,"24,86",2025-08-26
THYAO,"343,5",2025-08-26
ISCTR,"15,31",2025-08-26
TCELL,"99,8",2025-08-26
EREGL,"29,68",2025-08-26
BIMAS,536,2025-08-26
YKBNK,"34,08",2025-08-26
CIMSA,"50,55",2025-08-26
GARAN,"148,8",2025-08-26
SISE,"42,06",2025-08-26
SAHOL,"98,05",2025-08-26
ASTOR,"116,3",2025-08-26
ULKER,"118,6",2025-08-26
AEFES,"17,51",2025-08-26
ENKAI,"73,25",2025-08-26
MGROS,"491,66",2025-08-26
PGSUS,258,2025-08-26
TAVHL,"259,5",2025-08-26
SASA,"5,25",2025-08-25
PETKM,"21,84",2025-08-25
KRDMD,"31,18",2025-08-25
EKGYO,"21,24",2025-08-25
TOASO,255,2025-08-25
GUBRF,"292,25",2025-08-25
FROTO,"115,7",2025-08-25
TUPRS,"172,8",2025-08-25
KOZAL,"25,1",2025-08-25
SISE,"43,68",2025-08-25
TTKOM,"59,7",2025-08-25
KCHOL,"189,1",2025-08-25
ULKER,"120,5",2025-08-25
ISCTR,"15,15",2025-08-25
TCELL,"99,05",2025-08-25
EREGL,"29,66",2025-08-25
SAHOL,"98,65",2025-08-25
GARAN,"148,1",2025-08-25
AEFES,"17,67",2025-08-25
ASTOR,"115,9",2025-08-25
YKBNK,"33,92",2025-08-25
AKBNK,"69,25",2025-08-25
THYAO,"338,25",2025-08-25
TAVHL,"263,5",2025-08-25
ASELS,"180,2",2025-08-25
ENKAI,"74,1",2025-08-25
BIMAS,"526,5",2025-08-25
CIMSA,"49,66",2025-08-25
PGSUS,"261,25",2025-08-25
MGROS,"496,12",2025-08-25
SASA,"4,78",2025-08-22
PETKM,"20,82",2025-08-22
KRDMD,"30,82",2025-08-22
EKGYO,"21,36",2025-08-22
FROTO,"114,5",2025-08-22
SISE,"43,1",2025-08-22
TUPRS,"172,7",2025-08-22
ULKER,121,2025-08-22
GUBRF,"285,75",2025-08-22
TOASO,246,2025-08-22
ISCTR,"15,26",2025-08-22
ASELS,"181,5",2025-08-22
KOZAL,"24,7",2025-08-22
EREGL,"29,4",2025-08-22
YKBNK,"34,26",2025-08-22
KCHOL,"186,3",2025-08-22
ASTOR,"115,4",2025-08-22
GARAN,"149,6",2025-08-22
AKBNK,"69,85",2025-08-22
THYAO,"337,5",2025-08-22
AEFES,"17,74",2025-08-22
SAHOL,"97,65",2025-08-22
TTKOM,"58,05",2025-08-22
TCELL,"97,85",2025-08-22
ENKAI,"73,2",2025-08-22
TAVHL,"261,5",2025-08-22
BIMAS,"523,5",2025-08-22
CIMSA,"49,34",2025-08-22
PGSUS,"260,5",2025-08-22
MGROS,"495,38",2025-08-22
PETKM,"20,16",2025-08-21
FROTO,"114,2",2025-08-21
KRDMD,"30,3",2025-08-21
SASA,"4,35",2025-08-21
ASTOR,"117,8",2025-08-21
AEFES,"17,95",2025-08-21
EKGYO,"20,78",2025-08-21
TOASO,"247,5",2025-08-21
EREGL,"29,56",2025-08-21
SISE,"42,74",2025-08-21
ASELS,"180,3",2025-08-21
GUBRF,"284,5",2025-08-21
ISCTR,"15,15",2025-08-21
TCELL,99,2025-08-21
TUPRS,"168,4",2025-08-21
KCHOL,"185,9",2025-08-21
THYAO,337,2025-08-21
ULKER,"120,2",2025-08-21
TAVHL,"264,25",2025-08-21
GARAN,"148,1",2025-08-21
TTKOM,"58,4",2025-08-21
CIMSA,"50,05",2025-08-21
ENKAI,74,2025-08-21
YKBNK,"33,8",2025-08-21
KOZAL,"24,3",2025-08-21
SAHOL,"97,55",2025-08-21
AKBNK,"68,25",2025-08-21
BIMAS,529,2025-08-21
PGSUS,"261,75",2025-08-21
MGROS,"496,37",2025-08-21
FROTO,114,2025-08-20
PETKM,"19,72",2025-08-20
ASTOR,"116,1",2025-08-20
SASA,"3,96",2025-08-20
SISE,"41,92",2025-08-20
EREGL,"29,3",2025-08-20
KRDMD,"29,44",2025-08-20
THYAO,"338,75",2025-08-20
AEFES,"17,83",2025-08-20
ASELS,"181,5",2025-08-20
TOASO,242,2025-08-20
EKGYO,"20,12",2025-08-20
TAVHL,"263,5",2025-08-20
KCHOL,"182,9",2025-08-20
TCELL,"97,65",2025-08-20
ENKAI,"73,15",2025-08-20
GUBRF,"272,25",2025-08-20
CIMSA,"49,2",2025-08-20
GARAN,"145,9",2025-08-20
TUPRS,164,2025-08-20
YKBNK,"33,08",2025-08-20
ULKER,"115,2",2025-08-20
ISCTR,"14,66",2025-08-20
KOZAL,"23,64",2025-08-20
TTKOM,"56,7",2025-08-20
SAHOL,"95,5",2025-08-20
PGSUS,"258,75",2025-08-20
BIMAS,513,2025-08-20
AKBNK,"67,2",2025-08-20
MGROS,"489,67",2025-08-20
SASA,"4,27",2025-08-19
ASTOR,"116,6",2025-08-19
FROTO,111,2025-08-19
EREGL,"29,36",2025-08-19
THYAO,"338,5",2025-08-19
SISE,"41,48",2025-08-19
AEFES,"17,49",2025-08-19
PETKM,"18,59",2025-08-19
KRDMD,"28,54",2025-08-19
EKGYO,"20,12",2025-08-19
GUBRF,"270,25",2025-08-19
TOASO,"235,5",2025-08-19
ENKAI,"71,7",2025-08-19
KCHOL,"179,3",2025-08-19
TAVHL,"260,25",2025-08-19
KOZAL,"23,5",2025-08-19
ASELS,"172,4",2025-08-19
TCELL,"95,2",2025-08-19
TUPRS,"160,2",2025-08-19
CIMSA,"48,42",2025-08-19
PGSUS,"256,75",2025-08-19
ULKER,"114,2",2025-08-19
GARAN,143,2025-08-19
ISCTR,"14,44",2025-08-19
TTKOM,"55,9",2025-08-19
YKBNK,"32,38",2025-08-19
BIMAS,509,2025-08-19
SAHOL,"93,9",2025-08-19
AKBNK,"65,85",2025-08-19
MGROS,"482,97",2025-08-19
SASA,"4,29",2025-08-18
SISE,"42,5",2025-08-18
THYAO,334,2025-08-18
ASTOR,111,2025-08-18
EREGL,"28,78",2025-08-18
PETKM,"18,55",2025-08-18
GUBRF,277,2025-08-18
TOASO,"237,5",2025-08-18
FROTO,107,2025-08-18
ENKAI,"73,4",2025-08-18
KRDMD,"28,4",2025-08-18
AEFES,"17,1",2025-08-18
ULKER,"116,4",2025-08-18
KOZAL,"23,72",2025-08-18
KCHOL,"179,5",2025-08-18
BIMAS,524,2025-08-18
TUPRS,"161,1",2025-08-18
TCELL,"94,1",2025-08-18
ASELS,"171,7",2025-08-18
PGSUS,"256,5",2025-08-18
AKBNK,"66,5",2025-08-18
CIMSA,"48,16",2025-08-18
ISCTR,"14,42",2025-08-18
TAVHL,252,2025-08-18
EKGYO,"19,12",2025-08-18
YKBNK,"32,36",2025-08-18
SAHOL,"93,95",2025-08-18
TTKOM,"55,3",2025-08-18
GARAN,141,2025-08-18
MGROS,"490,91",2025-08-18
SASA,"3,9",2025-08-15
ASTOR,"110,89",2025-08-15
THYAO,331,2025-08-15
ENKAI,"73,3",2025-08-15
GUBRF,274,2025-08-15
AEFES,"17,3",2025-08-15
TOASO,"235,5",2025-08-15
PETKM,"18,29",2025-08-15
SISE,"39,98",2025-08-15
FROTO,"105,2",2025-08-15
EREGL,"27,66",2025-08-15
ULKER,"116,2",2025-08-15
TUPRS,"162,7",2025-08-15
KOZAL,"23,34",2025-08-15
KCHOL,"178,1",2025-08-15
AKBNK,"67,2",2025-08-15
TCELL,"94,75",2025-08-15
BIMAS,523,2025-08-15
KRDMD,"27,38",2025-08-15
SAHOL,95,2025-08-15
YKBNK,"32,64",2025-08-15
TTKOM,"55,9",2025-08-15
GARAN,"142,9",2025-08-15
ISCTR,"14,52",2025-08-15
ASELS,"170,4",2025-08-15
PGSUS,"257,75",2025-08-15
CIMSA,"47,86",2025-08-15
EKGYO,"19,15",2025-08-15
TAVHL,"251,75",2025-08-15
MGROS,"492,65",2025-08-15
ASTOR,"113,26",2025-08-14
SASA,"3,55",2025-08-14
THYAO,326,2025-08-14
GUBRF,"270,5",2025-08-14
TOASO,236,2025-08-14
SISE,"39,6",2025-08-14
ENKAI,"71,7",2025-08-14
ULKER,"115,9",2025-08-14
EREGL,"27,62",2025-08-14
FROTO,"104,8",2025-08-14
PETKM,"17,93",2025-08-14
BIMAS,531,2025-08-14
AEFES,"16,6",2025-08-14
SAHOL,"96,85",2025-08-14
KRDMD,"27,72",2025-08-14
TTKOM,"56,35",2025-08-14
TCELL,"94,6",2025-08-14
GARAN,"144,6",2025-08-14
KOZAL,"23,24",2025-08-14
KCHOL,"177,6",2025-08-14
AKBNK,"66,75",2025-08-14
TUPRS,160,2025-08-14
YKBNK,"32,76",2025-08-14
ASELS,170,2025-08-14
PGSUS,"252,75",2025-08-14
TAVHL,"250,25",2025-08-14
EKGYO,"18,95",2025-08-14
CIMSA,48,2025-08-14
ISCTR,"14,44",2025-08-14
MGROS,"496,37",2025-08-14
ASTOR,"111,18",2025-08-13
THYAO,"324,25",2025-08-13
SASA,"3,5",2025-08-13
ENKAI,"73,25",2025-08-13
AEFES,"17,16",2025-08-13
TOASO,237,2025-08-13
GUBRF,"272,75",2025-08-13
TCELL,"97,75",2025-08-13
SAHOL,"98,95",2025-08-13
FROTO,"105,1",2025-08-13
TTKOM,"57,9",2025-08-13
EREGL,"27,86",2025-08-13
KRDMD,"28,34",2025-08-13
AKBNK,"68,35",2025-08-13
KOZAL,"23,44",2025-08-13
SISE,"39,16",2025-08-13
KCHOL,"180,2",2025-08-13
ULKER,"114,5",2025-08-13
GARAN,"148,1",2025-08-13
PETKM,"17,91",2025-08-13
EKGYO,"19,78",2025-08-13
TUPRS,"163,3",2025-08-13
TAVHL,256,2025-08-13
BIMAS,525,2025-08-13
YKBNK,"33,26",2025-08-13
ASELS,"174,2",2025-08-13
PGSUS,257,2025-08-13
CIMSA,"48,66",2025-08-13
ISCTR,"14,73",2025-08-13
MGROS,"503,82",2025-08-13
THYAO,"319,5",2025-08-12
ASTOR,"106,65",2025-08-12
AEFES,"16,96",2025-08-12
GUBRF,"269,75",2025-08-12
FROTO,"106,3",2025-08-12
SASA,"3,31",2025-08-12
PGSUS,268,2025-08-12
TTKOM,"58,2",2025-08-12
MGROS,"539,06",2025-08-12
SISE,"39,52",2025-08-12
TCELL,"97,55",2025-08-12
SAHOL,"98,3",2025-08-12
TOASO,"234,8",2025-08-12
ENKAI,"71,45",2025-08-12
BIMAS,"537,5",2025-08-12
ULKER,"116,1",2025-08-12
TAVHL,"259,25",2025-08-12
PETKM,"17,87",2025-08-12
EREGL,"27,52",2025-08-12
KOZAL,"23,42",2025-08-12
AKBNK,"68,25",2025-08-12
KCHOL,"179,8",2025-08-12
KRDMD,"27,86",2025-08-12
GARAN,"146,3",2025-08-12
ASELS,172,2025-08-12
EKGYO,"19,65",2025-08-12
TUPRS,161,2025-08-12
YKBNK,"33,12",2025-08-12
CIMSA,"48,98",2025-08-12
ISCTR,"14,73",2025-08-12
AEFES,"17,28",2025-08-11
SASA,"3,4",2025-08-11
FROTO,"106,2",2025-08-11
PGSUS,274,2025-08-11
SISE,"40,22",2025-08-11
THYAO,"315,75",2025-08-11
ENKAI,"72,3",2025-08-11
ASTOR,"106,25",2025-08-11
TTKOM,"58,45",2025-08-11
GUBRF,268,2025-08-11
KOZAL,"24,12",2025-08-11
ULKER,"116,8",2025-08-11
MGROS,"541,04",2025-08-11
TCELL,"97,25",2025-08-11
SAHOL,"98,95",2025-08-11
PETKM,"18,18",2025-08-11
TAVHL,261,2025-08-11
TOASO,"233,5",2025-08-11
KCHOL,"182,3",2025-08-11
KRDMD,"28,34",2025-08-11
BIMAS,538,2025-08-11
AKBNK,"68,25",2025-08-11
EREGL,"27,48",2025-08-11
TUPRS,"164,4",2025-08-11
EKGYO,"19,91",2025-08-11
ASELS,"178,7",2025-08-11
CIMSA,"50,1",2025-08-11
GARAN,"146,5",2025-08-11
YKBNK,"33,44",2025-08-11
ISCTR,"14,87",2025-08-11
AEFES,"17,21",2025-08-08
SASA,"3,39",2025-08-08
THYAO,"314,25",2025-08-08
SISE,"39,7",2025-08-08
FROTO,"104,9",2025-08-08
ENKAI,"72,65",2025-08-08
ULKER,"117,5",2025-08-08
PGSUS,"263,75",2025-08-08
MGROS,"540,05",2025-08-08
GUBRF,"264,5",2025-08-08
PETKM,"18,09",2025-08-08
ASTOR,"105,26",2025-08-08
TAVHL,259,2025-08-08
KRDMD,"28,3",2025-08-08
TTKOM,"56,85",2025-08-08
TCELL,"96,3",2025-08-08
SAHOL,"97,05",2025-08-08
KCHOL,"180,3",2025-08-08
BIMAS,"531,5",2025-08-08
TOASO,"230,7",2025-08-08
AKBNK,"67,9",2025-08-08
GARAN,"146,5",2025-08-08
TUPRS,164,2025-08-08
ASELS,"180,5",2025-08-08
EREGL,"27,16",2025-08-08
YKBNK,"33,5",2025-08-08
EKGYO,"19,85",2025-08-08
KOZAL,"23,18",2025-08-08
ISCTR,"14,91",2025-08-08
CIMSA,"49,22",2025-08-08
FROTO,"106,3",2025-08-07
AEFES,"16,78",2025-08-07
SISE,"39,46",2025-08-07
ENKAI,"72,6",2025-08-07
THYAO,309,2025-08-07
KCHOL,"183,1",2025-08-07
ULKER,116,2025-08-07
GUBRF,265,2025-08-07
TOASO,"232,6",2025-08-07
TAVHL,"260,5",2025-08-07
PETKM,"17,84",2025-08-07
SAHOL,"97,3",2025-08-07
ISCTR,"15,14",2025-08-07
PGSUS,"261,75",2025-08-07
GARAN,"148,4",2025-08-07
KRDMD,"28,04",2025-08-07
TTKOM,"56,25",2025-08-07
TCELL,"94,95",2025-08-07
MGROS,"530,62",2025-08-07
AKBNK,"68,55",2025-08-07
TUPRS,"164,3",2025-08-07
EREGL,"27,26",2025-08-07
ASTOR,"102,7",2025-08-07
SASA,"3,17",2025-08-07
EKGYO,"19,85",2025-08-07
BIMAS,"529,5",2025-08-07
ASELS,179,2025-08-07
KOZAL,"23,08",2025-08-07
YKBNK,"33,7",2025-08-07
CIMSA,"49,5",2025-08-07
FROTO,"102,4",2025-08-06
SISE,"39,78",2025-08-06
THYAO,"308,5",2025-08-06
GARAN,"149,6",2025-08-06
GUBRF,"263,5",2025-08-06
AEFES,"16,25",2025-08-06
PETKM,"18,05",2025-08-06
KCHOL,"182,4",2025-08-06
ULKER,"114,9",2025-08-06
KRDMD,"28,28",2025-08-06
ISCTR,"15,03",2025-08-06
TAVHL,"258,5",2025-08-06
PGSUS,"258,25",2025-08-06
TUPRS,167,2025-08-06
BIMAS,534,2025-08-06
TOASO,"229,2",2025-08-06
EREGL,"27,48",2025-08-06
MGROS,"533,1",2025-08-06
SAHOL,"95,7",2025-08-06
SASA,"3,18",2025-08-06
ASTOR,"103,69",2025-08-06
EKGYO,"19,85",2025-08-06
ENKAI,"69,6",2025-08-06
ASELS,"181,6",2025-08-06
YKBNK,"33,08",2025-08-06
TTKOM,"55,05",2025-08-06
KOZAL,"22,92",2025-08-06
AKBNK,"66,7",2025-08-06
TCELL,93,2025-08-06
CIMSA,"49,04",2025-08-06
FROTO,"101,6",2025-08-05
GARAN,150,2025-08-05
ISCTR,"15,31",2025-08-05
KRDMD,"28,22",2025-08-05
GUBRF,263,2025-08-05
KCHOL,"181,1",2025-08-05
ULKER,"113,4",2025-08-05
TOASO,230,2025-08-05
AEFES,"15,69",2025-08-05
PETKM,"17,59",2025-08-05
THYAO,"295,5",2025-08-05
SAHOL,"95,15",2025-08-05
ASELS,"185,1",2025-08-05
EKGYO,"19,95",2025-08-05
SISE,"37,44",2025-08-05
ENKAI,"69,55",2025-08-05
SASA,"3,16",2025-08-05
EREGL,"27,12",2025-08-05
BIMAS,526,2025-08-05
YKBNK,"33,56",2025-08-05
ASTOR,"102,5",2025-08-05
TUPRS,"165,7",2025-08-05
MGROS,"523,67",2025-08-05
TCELL,"93,35",2025-08-05
TAVHL,252,2025-08-05
TTKOM,"55,25",2025-08-05
PGSUS,"252,75",2025-08-05
KOZAL,"23,06",2025-08-05
CIMSA,"49,4",2025-08-05
AKBNK,"66,75",2025-08-05
KCHOL,"182,4",2025-08-01
KRDMD,"28,32",2025-08-01
TOASO,"229,4",2025-08-01
FROTO,"97,45",2025-08-01
GARAN,"145,5",2025-08-01
ISCTR,"14,93",2025-08-01
SAHOL,"95,2",2025-08-01
ASELS,"184,4",2025-08-01
BIMAS,528,2025-08-01
ASTOR,"103,09",2025-08-01
CIMSA,"50,95",2025-08-01
EKGYO,"20,1",2025-08-01
GUBRF,255,2025-08-01
ULKER,"110,9",2025-08-01
TUPRS,"165,9",2025-08-01
SISE,"37,42",2025-08-01
ENKAI,"68,9",2025-08-01
EREGL,"26,94",2025-08-01
AEFES,"15,4",2025-08-01
YKBNK,"33,26",2025-08-01
TCELL,"93,25",2025-08-01
MGROS,"521,19",2025-08-01
PETKM,"17,27",2025-08-01
SASA,"3,12",2025-08-01
THYAO,"288,75",2025-08-01
KOZAL,"23,14",2025-08-01
AKBNK,"66,55",2025-08-01
TTKOM,"54,7",2025-08-01
PGSUS,"249,9",2025-08-01
TAVHL,"241,6",2025-08-01
VAKBN,"27,08",2025-11-17
HALKB,"28,96",2025-11-17
KOZAA,"98,4",2025-11-17
MIATK,"40,48",2025-11-17
ALARK,"88,25",2025-11-17
DOAS,"183,6",2025-11-17
CIMSA,"43,72",2025-11-17
CCOLA,"54,35",2025-11-17
ARCLK,"105,9",2025-11-17
MAVI,"39,12",2025-11-17
OYAKC,"21,6",2025-11-17
DOHOL,"17,1",2025-11-17
SOKM,"45,92",2025-11-17
BRSAN,"480,5",2025-11-17
TSKB,"11,98",2025-11-17
HEKTS,"3,27",2025-11-17
VESTL,"30,42",2025-11-17
TKFEN,"73,25",2025-11-17
KONTR,"27,44",2025-11-17
KUYAS,"41,2",2025-11-17
VAKBN,"26,98",2025-11-14
KOZAA,"96,85",2025-11-14
ALARK,"87,8",2025-11-14
HALKB,"27,04",2025-11-14
CCOLA,"53,9",2025-11-14
DOAS,"180,3",2025-11-14
OYAKC,"21,54",2025-11-14
CIMSA,"43,6",2025-11-14
SOKM,"45,3",2025-11-14
DOHOL,"17,06",2025-11-14
MAVI,"38,1",2025-11-14
ARCLK,"104,2",2025-11-14
BRSAN,"474,5",2025-11-14
TSKB,"11,84",2025-11-14
MIATK,"36,8",2025-11-14
HEKTS,"3,23",2025-11-14
VESTL,"29,88",2025-11-14
TKFEN,"72,05",2025-11-14
KONTR,"26,54",2025-11-14
KUYAS,"39,3",2025-11-14
KOZAA,"98,8",2025-11-13
VAKBN,"26,72",2025-11-13
ALARK,"89,55",2025-11-13
CCOLA,"54,7",2025-11-13
DOAS,"182,8",2025-11-13
OYAKC,"22,04",2025-11-13
CIMSA,"44,58",2025-11-13
SOKM,"46,06",2025-11-13
HALKB,"27,28",2025-11-13
DOHOL,"17,29",2025-11-13
BRSAN,"494,75",2025-11-13
MAVI,"38,56",2025-11-13
ARCLK,"104,5",2025-11-13
TSKB,"11,99",2025-11-13
MIATK,"37,18",2025-11-13
HEKTS,"3,14",2025-11-13
TKFEN,"72,2",2025-11-13
VESTL,"29,94",2025-11-13
KONTR,"27,24",2025-11-13
KUYAS,"39,8",2025-11-13
ALARK,"87,55",2025-11-12
KOZAA,"95,8",2025-11-12
SOKM,"47,16",2025-11-12
VAKBN,"26,04",2025-11-12
CCOLA,55,2025-11-12
DOAS,"180,8",2025-11-12
OYAKC,"21,62",2025-11-12
BRSAN,"489,25",2025-11-12
HALKB,"26,78",2025-11-12
DOHOL,"17,02",2025-11-12
MAVI,39,2025-11-12
MIATK,"37,32",2025-11-12
CIMSA,"42,6",2025-11-12
ARCLK,"103,6",2025-11-12
TSKB,"11,89",2025-11-12
HEKTS,"3,28",2025-11-12
TKFEN,"73,95",2025-11-12
KONTR,"27,46",2025-11-12
VESTL,"30,06",2025-11-12
KUYAS,"42,32",2025-11-12
BRSAN,536,2025-11-11
ALARK,"87,4",2025-11-11
CCOLA,"54,7",2025-11-11
SOKM,"46,72",2025-11-11
DOAS,"181,7",2025-11-11
VAKBN,"24,86",2025-11-11
OYAKC,"21,5",2025-11-11
DOHOL,"17,29",2025-11-11
KOZAA,"88,3",2025-11-11
HALKB,"26,8",2025-11-11
MAVI,"39,04",2025-11-11
MIATK,"37,9",2025-11-11
CIMSA,"42,7",2025-11-11
ARCLK,"104,5",2025-11-11
HEKTS,"3,3",2025-11-11
TSKB,"11,83",2025-11-11
TKFEN,75,2025-11-11
VESTL,"30,84",2025-11-11
KONTR,"27,6",2025-11-11
KUYAS,"43,1",2025-11-11
BRSAN,539,2025-11-10
SOKM,"48,28",2025-11-10
ALARK,"85,95",2025-11-10
CCOLA,"54,85",2025-11-10
OYAKC,"22,2",2025-11-10
MIATK,"39,98",2025-11-10
KOZAA,"90,25",2025-11-10
HALKB,"27,08",2025-11-10
DOHOL,"17,25",2025-11-10
MAVI,"39,84",2025-11-10
DOAS,"178,7",2025-11-10
CIMSA,"44,28",2025-11-10
VAKBN,"24,3",2025-11-10
KONTR,"29,8",2025-11-10
VESTL,"32,66",2025-11-10
ARCLK,"107,3",2025-11-10
HEKTS,"3,38",2025-11-10
TSKB,"12,2",2025-11-10
TKFEN,"78,1",2025-11-10
KUYAS,"45,72",2025-11-10
BRSAN,512,2025-11-07
CCOLA,55,2025-11-07
SOKM,"47,64",2025-11-07
HALKB,"27,54",2025-11-07
MIATK,"39,28",2025-11-07
OYAKC,"21,98",2025-11-07
ALARK,"83,5",2025-11-07
VAKBN,"25,28",2025-11-07
KOZAA,"90,75",2025-11-07
DOHOL,"17,33",2025-11-07
MAVI,"39,9",2025-11-07
DOAS,"179,3",2025-11-07
CIMSA,"44,66",2025-11-07
VESTL,"33,3",2025-11-07
TSKB,"12,61",2025-11-07
KONTR,"29,9",2025-11-07
HEKTS,"3,45",2025-11-07
ARCLK,"108,3",2025-11-07
TKFEN,79,2025-11-07
KUYAS,46,2025-11-07
SOKM,"48,1",2025-11-06
BRSAN,"488,25",2025-11-06
CCOLA,"55,4",2025-11-06
HALKB,"28,48",2025-11-06
MIATK,"40,12",2025-11-06
OYAKC,22,2025-11-06
VAKBN,"25,68",2025-11-06
ALARK,"84,4",2025-11-06
DOHOL,"17,5",2025-11-06
KONTR,31,2025-11-06
TSKB,"13,07",2025-11-06
VESTL,"34,2",2025-11-06
MAVI,"40,38",2025-11-06
DOAS,181,2025-11-06
ARCLK,"112,1",2025-11-06
CIMSA,"45,38",2025-11-06
HEKTS,"3,55",2025-11-06
KOZAA,"87,35",2025-11-06
TKFEN,"81,05",2025-11-06
KUYAS,"48,5",2025-11-06
BRSAN,"492,5",2025-11-05
CCOLA,"54,95",2025-11-05
OYAKC,"21,88",2025-11-05
KONTR,32,2025-11-05
VAKBN,"25,46",2025-11-05
ALARK,"83,4",2025-11-05
MIATK,"38,76",2025-11-05
MAVI,"40,56",2025-11-05
SOKM,"45,04",2025-11-05
VESTL,"34,2",2025-11-05
ARCLK,"112,7",2025-11-05
DOAS,"182,3",2025-11-05
HEKTS,"3,62",2025-11-05
DOHOL,"17,12",2025-11-05
HALKB,"26,76",2025-11-05
KOZAA,"87,35",2025-11-05
CIMSA,"44,94",2025-11-05
TSKB,"12,95",2025-11-05
TKFEN,"82,2",2025-11-05
KUYAS,"49,64",2025-11-05
BRSAN,"490,25",2025-11-04
OYAKC,"21,72",2025-11-04
KONTR,"31,78",2025-11-04
MAVI,"40,68",2025-11-04
VAKBN,"25,04",2025-11-04
SOKM,"44,86",2025-11-04
KOZAA,"89,05",2025-11-04
ARCLK,"112,1",2025-11-04
HEKTS,"3,63",2025-11-04
VESTL,"33,92",2025-11-04
CCOLA,"52,15",2025-11-04
MIATK,"38,18",2025-11-04
ALARK,"82,2",2025-11-04
DOAS,"181,2",2025-11-04
DOHOL,"17,08",2025-11-04
CIMSA,"44,7",2025-11-04
HALKB,"26,66",2025-11-04
TSKB,"12,73",2025-11-04
TKFEN,"81,35",2025-11-04
KUYAS,"47,2",2025-11-04
BRSAN,"477,25",2025-11-03
HEKTS,"3,74",2025-11-03
KOZAA,"90,45",2025-11-03
KONTR,"31,8",2025-11-03
MAVI,"40,94",2025-11-03
VAKBN,"25,22",2025-11-03
OYAKC,"21,44",2025-11-03
CCOLA,"52,65",2025-11-03
TKFEN,"84,35",2025-11-03
SOKM,"45,2",2025-11-03
DOHOL,"17,3",2025-11-03
VESTL,"34,14",2025-11-03
ARCLK,113,2025-11-03
CIMSA,"45,8",2025-11-03
MIATK,"38,92",2025-11-03
HALKB,"27,14",2025-11-03
DOAS,"180,5",2025-11-03
ALARK,"82,1",2025-11-03
TSKB,"12,85",2025-11-03
KUYAS,"49,78",2025-11-03
BRSAN,"481,75",2025-10-31
CIMSA,"47,52",2025-10-31
KONTR,"31,5",2025-10-31
KOZAA,"90,5",2025-10-31
OYAKC,"21,26",2025-10-31
MAVI,"40,3",2025-10-31
TKFEN,"84,2",2025-10-31
SOKM,"44,26",2025-10-31
DOAS,"180,3",2025-10-31
DOHOL,"17,1",2025-10-31
VAKBN,"24,46",2025-10-31
TSKB,"12,89",2025-10-31
KUYAS,"50,9",2025-10-31
ARCLK,"110,6",2025-10-31
CCOLA,"51,4",2025-10-31
HALKB,"26,66",2025-10-31
HEKTS,"3,57",2025-10-31
VESTL,"33,32",2025-10-31
ALARK,"80,7",2025-10-31
MIATK,"37,32",2025-10-31
CIMSA,"47,18",2025-10-30
BRSAN,438,2025-10-30
TKFEN,"84,5",2025-10-30
OYAKC,"20,82",2025-10-30
SOKM,"43,9",2025-10-30
DOAS,"178,2",2025-10-30
KUYAS,"50,8",2025-10-30
MAVI,"39,62",2025-10-30
DOHOL,"17,07",2025-10-30
CCOLA,"51,15",2025-10-30
KOZAA,"86,85",2025-10-30
TSKB,"12,69",2025-10-30
VESTL,"33,1",2025-10-30
HEKTS,"3,47",2025-10-30
VAKBN,"23,98",2025-10-30
ALARK,"80,2",2025-10-30
HALKB,"26,42",2025-10-30
ARCLK,"107,6",2025-10-30
MIATK,37,2025-10-30
KONTR,"28,64",2025-10-30
SOKM,"45,5",2025-10-28
CIMSA,"45,86",2025-10-28
TSKB,"12,9",2025-10-28
OYAKC,"20,8",2025-10-28
KUYAS,51,2025-10-28
DOAS,"177,9",2025-10-28
CCOLA,"50,95",2025-10-28
ALARK,"80,6",2025-10-28
BRSAN,"406,5",2025-10-28
HEKTS,"3,52",2025-10-28
TKFEN,"81,8",2025-10-28
VAKBN,"23,84",2025-10-28
VESTL,"33,06",2025-10-28
MAVI,"39,04",2025-10-28
DOHOL,"16,72",2025-10-28
HALKB,"26,04",2025-10-28
ARCLK,"107,9",2025-10-28
KOZAA,"84,95",2025-10-28
MIATK,"36,72",2025-10-28
KONTR,"28,36",2025-10-28
SOKM,"44,62",2025-10-27
TSKB,"13,02",2025-10-27
HEKTS,"3,58",2025-10-27
KUYAS,"50,7",2025-10-27
CIMSA,"44,9",2025-10-27
OYAKC,"20,88",2025-10-27
DOAS,179,2025-10-27
CCOLA,"51,6",2025-10-27
ALARK,"81,7",2025-10-27
TKFEN,"83,05",2025-10-27
MAVI,"39,74",2025-10-27
BRSAN,410,2025-10-27
VESTL,"33,2",2025-10-27
VAKBN,"23,86",2025-10-27
ARCLK,"109,6",2025-10-27
KOZAA,"86,05",2025-10-27
HALKB,"26,3",2025-10-27
DOHOL,"16,58",2025-10-27
KONTR,"28,98",2025-10-27
MIATK,"36,9",2025-10-27
SOKM,"44,48",2025-10-24
TSKB,"13,34",2025-10-24
HEKTS,"3,63",2025-10-24
CCOLA,"51,6",2025-10-24
KUYAS,"52,5",2025-10-24
ALARK,"82,45",2025-10-24
OYAKC,"20,99",2025-10-24
VAKBN,"24,34",2025-10-24
CIMSA,"44,84",2025-10-24
BRSAN,"418,5",2025-10-24
DOAS,"178,4",2025-10-24
HALKB,"26,76",2025-10-24
TKFEN,83,2025-10-24
MAVI,"39,9",2025-10-24
ARCLK,"111,4",2025-10-24
KOZAA,"87,2",2025-10-24
VESTL,"33,3",2025-10-24
DOHOL,"16,73",2025-10-24
KONTR,"29,76",2025-10-24
MIATK,"37,22",2025-10-24
SOKM,"43,2",2025-10-23
CCOLA,"51,5",2025-10-23
HEKTS,"3,66",2025-10-23
KUYAS,"51,45",2025-10-23
VAKBN,"23,76",2025-10-23
ALARK,"79,75",2025-10-23
OYAKC,"20,51",2025-10-23
DOAS,174,2025-10-23
HALKB,"26,5",2025-10-23
CIMSA,"43,54",2025-10-23
MAVI,"38,5",2025-10-23
TSKB,"12,34",2025-10-23
TKFEN,"81,6",2025-10-23
KOZAA,"86,75",2025-10-23
VESTL,"32,02",2025-10-23
BRSAN,"394,5",2025-10-23
ARCLK,"106,1",2025-10-23
DOHOL,"16,45",2025-10-23
KONTR,29,2025-10-23
MIATK,"36,72",2025-10-23
SOKM,"43,1",2025-10-22
CCOLA,"51,45",2025-10-22
ALARK,"79,4",2025-10-22
VAKBN,"23,4",2025-10-22
MAVI,"38,86",2025-10-22
DOAS,"173,9",2025-10-22
HALKB,"26,42",2025-10-22
OYAKC,"20,17",2025-10-22
CIMSA,"42,88",2025-10-22
HEKTS,"3,33",2025-10-22
TSKB,"12,17",2025-10-22
KUYAS,"48,24",2025-10-22
BRSAN,396,2025-10-22
VESTL,"31,98",2025-10-22
TKFEN,"79,3",2025-10-22
MIATK,"38,3",2025-10-22
KOZAA,"83,25",2025-10-22
DOHOL,"16,74",2025-10-22
ARCLK,"105,8",2025-10-22
KONTR,"28,6",2025-10-22
SOKM,"42,04",2025-10-21
CCOLA,"50,6",2025-10-21
MAVI,"39,22",2025-10-21
HALKB,"26,2",2025-10-21
VAKBN,"23,34",2025-10-21
MIATK,"39,76",2025-10-21
ALARK,"78,55",2025-10-21
CIMSA,"43,22",2025-10-21
HEKTS,"3,33",2025-10-21
DOAS,"172,3",2025-10-21
VESTL,"32,46",2025-10-21
TSKB,"12,21",2025-10-21
OYAKC,"19,94",2025-10-21
DOHOL,"17,15",2025-10-21
KOZAA,"84,7",2025-10-21
BRSAN,398,2025-10-21
KONTR,"29,18",2025-10-21
ARCLK,"106,6",2025-10-21
KUYAS,"46,2",2025-10-21
TKFEN,"78,1",2025-10-21
SOKM,"41,78",2025-10-20
CCOLA,"50,35",2025-10-20
MAVI,"39,2",2025-10-20
HALKB,"26,7",2025-10-20
ALARK,"78,25",2025-10-20
DOAS,173,2025-10-20
KOZAA,"89,45",2025-10-20
VAKBN,"23,16",2025-10-20
MIATK,"39,54",2025-10-20
BRSAN,402,2025-10-20
CIMSA,"42,62",2025-10-20
HEKTS,"3,31",2025-10-20
VESTL,"32,46",2025-10-20
DOHOL,"17,36",2025-10-20
OYAKC,"19,75",2025-10-20
KONTR,"29,84",2025-10-20
ARCLK,"107,5",2025-10-20
TSKB,"11,92",2025-10-20
TKFEN,"78,6",2025-10-20
KUYAS,"46,04",2025-10-20
SOKM,"39,62",2025-10-17
MAVI,"39,16",2025-10-17
CCOLA,"47,48",2025-10-17
DOHOL,"17,48",2025-10-17
DOAS,"172,2",2025-10-17
KONTR,"29,44",2025-10-17
MIATK,"38,86",2025-10-17
KOZAA,"86,35",2025-10-17
ALARK,"76,55",2025-10-17
HALKB,"25,32",2025-10-17
CIMSA,"42,02",2025-10-17
OYAKC,"19,56",2025-10-17
VESTL,"32,18",2025-10-17
HEKTS,"3,21",2025-10-17
KUYAS,"46,98",2025-10-17
BRSAN,"392,5",2025-10-17
VAKBN,"22,2",2025-10-17
TKFEN,77,2025-10-17
ARCLK,"105,8",2025-10-17
TSKB,"11,62",2025-10-17
SOKM,"38,98",2025-10-16
KOZAA,91,2025-10-16
DOHOL,"18,12",2025-10-16
CCOLA,"47,4",2025-10-16
MAVI,"37,94",2025-10-16
KONTR,"30,46",2025-10-16
OYAKC,"20,21",2025-10-16
MIATK,"39,22",2025-10-16
ALARK,"77,55",2025-10-16
DOAS,"170,5",2025-10-16
HALKB,"25,82",2025-10-16
CIMSA,"42,3",2025-10-16
BRSAN,"396,25",2025-10-16
TKFEN,"80,9",2025-10-16
HEKTS,"3,24",2025-10-16
VESTL,"32,2",2025-10-16
KUYAS,"46,42",2025-10-16
VAKBN,"22,4",2025-10-16
ARCLK,"106,9",2025-10-16
TSKB,"11,78",2025-10-16
DOHOL,"18,25",2025-10-15
KONTR,"31,3",2025-10-15
SOKM,"38,22",2025-10-15
OYAKC,"20,57",2025-10-15
KOZAA,"89,75",2025-10-15
TKFEN,"83,4",2025-10-15
MAVI,"38,56",2025-10-15
CCOLA,"46,54",2025-10-15
ALARK,"77,95",2025-10-15
KUYAS,"49,5",2025-10-15
HEKTS,"3,35",2025-10-15
CIMSA,"42,86",2025-10-15
DOAS,"172,4",2025-10-15
HALKB,"25,84",2025-10-15
BRSAN,"400,75",2025-10-15
MIATK,"38,5",2025-10-15
VESTL,"32,5",2025-10-15
ARCLK,"109,1",2025-10-15
TSKB,"12,04",2025-10-15
VAKBN,"22,34",2025-10-15
KONTR,"32,34",2025-10-14
SOKM,"37,5",2025-10-14
OYAKC,"20,25",2025-10-14
TKFEN,"83,1",2025-10-14
DOHOL,"17,58",2025-10-14
BRSAN,"405,5",2025-10-14
KOZAA,"87,5",2025-10-14
ALARK,"77,35",2025-10-14
CCOLA,"45,6",2025-10-14
CIMSA,"42,64",2025-10-14
DOAS,"170,4",2025-10-14
MAVI,"36,94",2025-10-14
MIATK,"38,76",2025-10-14
TSKB,"12,32",2025-10-14
HALKB,"25,14",2025-10-14
HEKTS,"3,24",2025-10-14
KUYAS,"47,12",2025-10-14
ARCLK,"108,5",2025-10-14
VESTL,"31,82",2025-10-14
VAKBN,"22,06",2025-10-14
TKFEN,"86,2",2025-10-13
DOHOL,"17,87",2025-10-13
OYAKC,"20,28",2025-10-13
KONTR,"32,34",2025-10-13
KOZAA,"88,5",2025-10-13
SOKM,"37,44",2025-10-13
TSKB,"13,01",2025-10-13
ALARK,"78,5",2025-10-13
CCOLA,"46,48",2025-10-13
HALKB,"27,06",2025-10-13
BRSAN,"404,25",2025-10-13
MIATK,"39,96",2025-10-13
KUYAS,"49,2",2025-10-13
CIMSA,"42,74",2025-10-13
DOAS,"171,6",2025-10-13
MAVI,"37,22",2025-10-13
HEKTS,"3,27",2025-10-13
ARCLK,"111,4",2025-10-13
VESTL,"32,42",2025-10-13
VAKBN,"23,12",2025-10-13
SOKM,38,2025-10-10
OYAKC,"20,63",2025-10-10
KOZAA,"88,75",2025-10-10
DOHOL,"17,87",2025-10-10
MAVI,"38,56",2025-10-10
BRSAN,"420,75",2025-10-10
CCOLA,"46,9",2025-10-10
TSKB,"13,11",2025-10-10
DOAS,"176,7",2025-10-10
CIMSA,"43,7",2025-10-10
HALKB,"26,9",2025-10-10
TKFEN,"82,75",2025-10-10
KUYAS,"49,8",2025-10-10
ALARK,"78,8",2025-10-10
MIATK,"39,7",2025-10-10
KONTR,"29,4",2025-10-10
ARCLK,"113,5",2025-10-10
HEKTS,"3,37",2025-10-10
VESTL,"33,46",2025-10-10
VAKBN,"23,72",2025-10-10
KOZAA,"92,05",2025-10-09
OYAKC,"20,76",2025-10-09
DOHOL,"17,92",2025-10-09
SOKM,"37,14",2025-10-09
HALKB,"26,94",2025-10-09
CCOLA,"46,82",2025-10-09
TKFEN,"82,35",2025-10-09
TSKB,"12,97",2025-10-09
DOAS,"175,8",2025-10-09
MAVI,38,2025-10-09
CIMSA,"44,04",2025-10-09
ALARK,"78,5",2025-10-09
KUYAS,"50,25",2025-10-09
BRSAN,"406,25",2025-10-09
KONTR,30,2025-10-09
MIATK,"40,08",2025-10-09
ARCLK,"114,2",2025-10-09
HEKTS,"3,36",2025-10-09
VESTL,"33,52",2025-10-09
VAKBN,"23,58",2025-10-09
SOKM,"38,18",2025-10-08
DOHOL,"17,75",2025-10-08
KOZAA,"89,75",2025-10-08
OYAKC,"20,15",2025-10-08
MAVI,"38,24",2025-10-08
CCOLA,47,2025-10-08
DOAS,"176,9",2025-10-08
HALKB,"27,74",2025-10-08
TSKB,"13,08",2025-10-08
KUYAS,50,2025-10-08
ALARK,"78,5",2025-10-08
CIMSA,"43,28",2025-10-08
ARCLK,"116,2",2025-10-08
TKFEN,"80,9",2025-10-08
KONTR,"29,96",2025-10-08
VAKBN,"24,48",2025-10-08
BRSAN,"399,25",2025-10-08
VESTL,"33,8",2025-10-08
MIATK,"39,54",2025-10-08
HEKTS,"3,33",2025-10-08
DOHOL,"17,97",2025-10-07
CCOLA,"47,18",2025-10-07
OYAKC,"20,28",2025-10-07
DOAS,"177,2",2025-10-07
SOKM,37,2025-10-07
MAVI,"38,62",2025-10-07
KOZAA,88,2025-10-07
TKFEN,"84,2",2025-10-07
KUYAS,"50,6",2025-10-07
HALKB,"26,08",2025-10-07
TSKB,13,2025-10-07
ALARK,"79,4",2025-10-07
CIMSA,"43,7",2025-10-07
VAKBN,"24,82",2025-10-07
BRSAN,"407,25",2025-10-07
KONTR,"30,22",2025-10-07
ARCLK,"116,5",2025-10-07
VESTL,"34,52",2025-10-07
HEKTS,"3,4",2025-10-07
MIATK,"38,68",2025-10-07
KOZAA,"88,6",2025-10-06
DOHOL,"17,73",2025-10-06
DOAS,"178,3",2025-10-06
OYAKC,"20,04",2025-10-06
CCOLA,"46,32",2025-10-06
MAVI,"38,08",2025-10-06
SOKM,"36,26",2025-10-06
CIMSA,"43,52",2025-10-06
KONTR,"32,2",2025-10-06
HALKB,"25,94",2025-10-06
TKFEN,82,2025-10-06
TSKB,"12,78",2025-10-06
VAKBN,"25,1",2025-10-06
VESTL,35,2025-10-06
ALARK,"77,8",2025-10-06
KUYAS,"50,5",2025-10-06
ARCLK,"117,1",2025-10-06
MIATK,"39,84",2025-10-06
BRSAN,"401,25",2025-10-06
HEKTS,"3,4",2025-10-06
HALKB,"28,82",2025-10-03
DOHOL,"17,68",2025-10-03
DOAS,"181,1",2025-10-03
KOZAA,"90,55",2025-10-03
CCOLA,"47,12",2025-10-03
SOKM,"37,18",2025-10-03
OYAKC,"20,07",2025-10-03
VAKBN,"25,84",2025-10-03
MAVI,"37,3",2025-10-03
TSKB,"12,87",2025-10-03
ALARK,"79,45",2025-10-03
MIATK,"41,78",2025-10-03
CIMSA,"43,64",2025-10-03
KONTR,"32,6",2025-10-03
TKFEN,83,2025-10-03
KUYAS,50,2025-10-03
BRSAN,"414,75",2025-10-03
VESTL,"35,42",2025-10-03
ARCLK,117,2025-10-03
HEKTS,"3,55",2025-10-03
HALKB,"29,22",2025-10-02
CCOLA,"47,6",2025-10-02
DOAS,180,2025-10-02
DOHOL,"17,65",2025-10-02
SOKM,"37,1",2025-10-02
KOZAA,87,2025-10-02
MAVI,"38,5",2025-10-02
MIATK,"43,34",2025-10-02
OYAKC,"20,07",2025-10-02
TSKB,"13,36",2025-10-02
VAKBN,"26,26",2025-10-02
KONTR,"34,44",2025-10-02
ALARK,"80,8",2025-10-02
CIMSA,"44,2",2025-10-02
VESTL,"36,04",2025-10-02
ARCLK,"120,1",2025-10-02
BRSAN,"413,5",2025-10-02
KUYAS,"49,92",2025-10-02
HEKTS,"3,53",2025-10-02
TKFEN,"80,15",2025-10-02
HALKB,"28,96",2025-10-01
DOHOL,"17,8",2025-10-01
TSKB,"13,82",2025-10-01
CCOLA,"47,3",2025-10-01
DOAS,179,2025-10-01
SOKM,"37,3",2025-10-01
MIATK,"44,62",2025-10-01
KOZAA,"87,35",2025-10-01
VAKBN,"26,98",2025-10-01
OYAKC,"20,25",2025-10-01
CIMSA,"45,42",2025-10-01
MAVI,"37,98",2025-10-01
ALARK,"82,8",2025-10-01
KONTR,"33,5",2025-10-01
VESTL,"36,68",2025-10-01
BRSAN,425,2025-10-01
KUYAS,"50,8",2025-10-01
ARCLK,"121,6",2025-10-01
HEKTS,"3,61",2025-10-01
TKFEN,"81,5",2025-10-01
KOZAA,90,2025-09-30
KONTR,"36,36",2025-09-30
MIATK,"44,46",2025-09-30
DOAS,"175,9",2025-09-30
SOKM,"36,4",2025-09-30
CCOLA,46,2025-09-30
ALARK,"82,3",2025-09-30
DOHOL,"17,13",2025-09-30
OYAKC,"20,21",2025-09-30
TSKB,"13,36",2025-09-30
MAVI,"37,36",2025-09-30
HALKB,"26,34",2025-09-30
DSTKF,667,2025-09-30
ARCLK,"126,5",2025-09-30
VAKBN,"25,6",2025-09-30
VESTL,"36,4",2025-09-30
KUYAS,"52,4",2025-09-30
BRSAN,426,2025-09-30
HEKTS,"3,71",2025-09-30
TKFEN,"81,5",2025-09-30
KOZAA,"88,9",2025-09-29
DSTKF,741,2025-09-29
KONTR,"36,52",2025-09-29
MIATK,45,2025-09-29
ALARK,"82,7",2025-09-29
TSKB,"13,44",2025-09-29
DOAS,"174,9",2025-09-29
HALKB,27,2025-09-29
CCOLA,"45,74",2025-09-29
DOHOL,"16,98",2025-09-29
KUYAS,55,2025-09-29
SOKM,"35,66",2025-09-29
TKFEN,"90,55",2025-09-29
MAVI,"37,3",2025-09-29
BRSAN,"442,75",2025-09-29
OYAKC,"19,77",2025-09-29
HEKTS,"3,82",2025-09-29
ARCLK,"126,6",2025-09-29
VAKBN,"25,76",2025-09-29
VESTL,"36,5",2025-09-29
DSTKF,823,2025-09-26
KONTR,"36,8",2025-09-26
KOZAA,"90,75",2025-09-26
MIATK,"44,72",2025-09-26
ALARK,"84,25",2025-09-26
HALKB,"26,76",2025-09-26
MAVI,"38,1",2025-09-26
DOHOL,"17,18",2025-09-26
DOAS,175,2025-09-26
OYAKC,"20,27",2025-09-26
SOKM,"36,14",2025-09-26
CCOLA,"45,9",2025-09-26
VESTL,"38,04",2025-09-26
BRSAN,442,2025-09-26
HEKTS,"3,92",2025-09-26
TSKB,"13,3",2025-09-26
VAKBN,"26,16",2025-09-26
ARCLK,"129,1",2025-09-26
KUYAS,"51,9",2025-09-26
TKFEN,"89,2",2025-09-26
DSTKF,"748,5",2025-09-25
KOZAA,"88,8",2025-09-25
HALKB,"28,72",2025-09-25
KONTR,"36,1",2025-09-25
KUYAS,"57,05",2025-09-25
DOHOL,"17,7",2025-09-25
HEKTS,"4,04",2025-09-25
ALARK,"85,2",2025-09-25
MIATK,"44,54",2025-09-25
TSKB,"13,73",2025-09-25
OYAKC,"20,53",2025-09-25
MAVI,39,2025-09-25
SOKM,"36,76",2025-09-25
ARCLK,"132,7",2025-09-25
VAKBN,"27,38",2025-09-25
DOAS,"177,9",2025-09-25
VESTL,"38,74",2025-09-25
BRSAN,"456,25",2025-09-25
CCOLA,"46,4",2025-09-25
TKFEN,"90,65",2025-09-25
KONTR,"37,86",2025-09-24
KOZAA,"87,6",2025-09-24
HALKB,"28,24",2025-09-24
KUYAS,"57,5",2025-09-24
DSTKF,"680,5",2025-09-24
OYAKC,"20,88",2025-09-24
ALARK,"85,45",2025-09-24
VESTL,"39,54",2025-09-24
MIATK,44,2025-09-24
TKFEN,"94,5",2025-09-24
TSKB,"13,79",2025-09-24
BRSAN,"459,5",2025-09-24
DOAS,"179,9",2025-09-24
DOHOL,"17,32",2025-09-24
VAKBN,"27,36",2025-09-24
MAVI,"39,52",2025-09-24
ARCLK,"133,7",2025-09-24
HEKTS,"4,01",2025-09-24
CCOLA,"47,02",2025-09-24
SOKM,"36,88",2025-09-24
KONTR,"36,7",2025-09-23
KOZAA,"87,8",2025-09-23
HALKB,"28,42",2025-09-23
KUYAS,"57,8",2025-09-23
DOHOL,"17,77",2025-09-23
MIATK,"44,58",2025-09-23
OYAKC,"21,03",2025-09-23
TKFEN,"93,45",2025-09-23
HEKTS,"4,06",2025-09-23
ARCLK,"135,2",2025-09-23
TSKB,"13,84",2025-09-23
DSTKF,619,2025-09-23
VESTL,"39,26",2025-09-23
BRSAN,455,2025-09-23
ALARK,"83,65",2025-09-23
SOKM,"36,84",2025-09-23
CCOLA,"47,3",2025-09-23
DOAS,"178,7",2025-09-23
VAKBN,"27,38",2025-09-23
MAVI,"38,04",2025-09-23
KONTR,"37,4",2025-09-22
KOZAA,"87,5",2025-09-22
HALKB,"28,92",2025-09-22
KUYAS,"58,1",2025-09-22
MIATK,"46,06",2025-09-22
DSTKF,"652,5",2025-09-22
TKFEN,"95,3",2025-09-22
BRSAN,"472,5",2025-09-22
ALARK,"86,3",2025-09-22
DOHOL,"17,87",2025-09-22
VESTL,"39,96",2025-09-22
TSKB,"14,08",2025-09-22
OYAKC,"20,88",2025-09-22
ARCLK,136,2025-09-22
VAKBN,28,2025-09-22
SOKM,"37,54",2025-09-22
CCOLA,"48,02",2025-09-22
DOAS,"181,8",2025-09-22
HEKTS,"4,05",2025-09-22
MAVI,"37,36",2025-09-22
KONTR,34,2025-09-19
DSTKF,693,2025-09-19
KUYAS,"57,95",2025-09-19
MIATK,"45,58",2025-09-19
TKFEN,"95,65",2025-09-19
BRSAN,"469,5",2025-09-19
KOZAA,"81,8",2025-09-19
HALKB,"26,44",2025-09-19
ARCLK,"136,5",2025-09-19
ALARK,"85,2",2025-09-19
VESTL,"39,3",2025-09-19
DOAS,"180,9",2025-09-19
TSKB,"13,87",2025-09-19
HEKTS,4,2025-09-19
SOKM,"37,1",2025-09-19
CCOLA,"47,74",2025-09-19
OYAKC,"20,49",2025-09-19
VAKBN,"27,42",2025-09-19
DOHOL,"17,14",2025-09-19
MAVI,"37,82",2025-09-19
KONTR,"32,38",2025-09-18
MIATK,"45,4",2025-09-18
DSTKF,"717,5",2025-09-18
KOZAA,"81,6",2025-09-18
KUYAS,56,2025-09-18
ARCLK,"133,4",2025-09-18
BRSAN,"462,5",2025-09-18
VESTL,"39,2",2025-09-18
TKFEN,92,2025-09-18
HALKB,"25,6",2025-09-18
DOAS,179,2025-09-18
SOKM,"36,64",2025-09-18
ALARK,"82,6",2025-09-18
TSKB,"13,6",2025-09-18
HEKTS,"3,93",2025-09-18
VAKBN,"27,12",2025-09-18
OYAKC,"20,19",2025-09-18
DOHOL,"17,03",2025-09-18
CCOLA,"46,68",2025-09-18
MAVI,"38,6",2025-09-18
KONTR,"29,44",2025-09-17
KOZAA,"83,3",2025-09-17
DSTKF,700,2025-09-17
VESTL,"39,8",2025-09-17
BRSAN,"469,5",2025-09-17
MIATK,"44,5",2025-09-17
ARCLK,"135,4",2025-09-17
KUYAS,"54,6",2025-09-17
ALARK,"83,85",2025-09-17
HEKTS,"4,03",2025-09-17
TSKB,"13,87",2025-09-17
HALKB,"25,82",2025-09-17
TKFEN,"93,95",2025-09-17
DOAS,"179,7",2025-09-17
SOKM,"37,14",2025-09-17
VAKBN,"27,4",2025-09-17
DOHOL,"17,53",2025-09-17
MAVI,"40,32",2025-09-17
OYAKC,"20,3",2025-09-17
CCOLA,"46,94",2025-09-17
KOZAA,"82,75",2025-09-16
ARCLK,136,2025-09-16
VAKBN,"28,8",2025-09-16
KONTR,"26,78",2025-09-16
VESTL,"39,86",2025-09-16
HALKB,"26,08",2025-09-16
BRSAN,"471,5",2025-09-16
ALARK,"85,2",2025-09-16
TSKB,"13,98",2025-09-16
DOAS,"181,2",2025-09-16
DSTKF,"636,5",2025-09-16
MAVI,"42,02",2025-09-16
MIATK,"43,28",2025-09-16
HEKTS,4,2025-09-16
CCOLA,"48,22",2025-09-16
TKFEN,"90,8",2025-09-16
SOKM,"37,4",2025-09-16
DOHOL,"17,53",2025-09-16
OYAKC,"20,51",2025-09-16
KUYAS,"52,15",2025-09-16
VAKBN,"28,48",2025-09-15
KOZAA,"79,5",2025-09-15
TSKB,"14,01",2025-09-15
VESTL,39,2025-09-15
ARCLK,"131,9",2025-09-15
ALARK,"83,25",2025-09-15
HALKB,"25,8",2025-09-15
DOAS,"178,7",2025-09-15
CCOLA,"48,38",2025-09-15
BRSAN,"454,5",2025-09-15
MIATK,"42,14",2025-09-15
KONTR,"25,5",2025-09-15
HEKTS,"4,02",2025-09-15
SOKM,"37,02",2025-09-15
MAVI,"40,94",2025-09-15
DOHOL,"17,29",2025-09-15
OYAKC,"20,21",2025-09-15
KUYAS,"52,85",2025-09-15
DSTKF,579,2025-09-15
TKFEN,"89,45",2025-09-15
VAKBN,"26,62",2025-09-12
KOZAA,"75,7",2025-09-12
TSKB,"13,13",2025-09-12
ARCLK,"123,4",2025-09-12
MIATK,"41,42",2025-09-12
VESTL,"36,92",2025-09-12
HALKB,"24,1",2025-09-12
DOAS,"169,6",2025-09-12
MAVI,"39,98",2025-09-12
CCOLA,"45,74",2025-09-12
ALARK,"78,1",2025-09-12
BRSAN,"425,5",2025-09-12
KONTR,"24,02",2025-09-12
SOKM,"35,1",2025-09-12
KUYAS,"50,95",2025-09-12
OYAKC,"19,25",2025-09-12
DOHOL,"16,45",2025-09-12
HEKTS,"3,69",2025-09-12
DSTKF,"526,5",2025-09-12
TKFEN,"81,35",2025-09-12
MIATK,42,2025-09-11
KOZAA,"75,95",2025-09-11
TSKB,"13,06",2025-09-11
VAKBN,"26,3",2025-09-11
VESTL,"36,66",2025-09-11
ALARK,"78,95",2025-09-11
BRSAN,"440,25",2025-09-11
DOAS,"169,9",2025-09-11
ARCLK,"121,9",2025-09-11
CCOLA,"45,76",2025-09-11
KONTR,"24,14",2025-09-11
MAVI,"39,7",2025-09-11
SOKM,"35,46",2025-09-11
HALKB,"23,66",2025-09-11
KUYAS,"50,75",2025-09-11
DOHOL,"16,32",2025-09-11
OYAKC,"19,39",2025-09-11
HEKTS,"3,7",2025-09-11
DSTKF,"584,5",2025-09-11
TKFEN,"82,3",2025-09-11
VAKBN,"27,16",2025-09-10
TSKB,"13,45",2025-09-10
MIATK,42,2025-09-10
ARCLK,"126,2",2025-09-10
BRSAN,"449,75",2025-09-10
HALKB,"24,74",2025-09-10
KOZAA,75,2025-09-10
VESTL,"37,28",2025-09-10
CCOLA,"46,2",2025-09-10
KONTR,"24,94",2025-09-10
ALARK,"79,1",2025-09-10
DOAS,171,2025-09-10
KUYAS,"51,8",2025-09-10
DOHOL,"16,87",2025-09-10
OYAKC,"19,94",2025-09-10
TKFEN,"91,4",2025-09-10
MAVI,"39,7",2025-09-10
DSTKF,649,2025-09-10
HEKTS,"3,86",2025-09-10
SOKM,"35,94",2025-09-10
MIATK,"42,36",2025-09-09
TSKB,"13,31",2025-09-09
DOHOL,"17,24",2025-09-09
KOZAA,"74,05",2025-09-09
CCOLA,"46,66",2025-09-09
VAKBN,"26,64",2025-09-09
BRSAN,"449,5",2025-09-09
ALARK,"79,4",2025-09-09
DSTKF,721,2025-09-09
KUYAS,"52,5",2025-09-09
DOAS,"170,5",2025-09-09
HALKB,"24,48",2025-09-09
KONTR,"24,86",2025-09-09
VESTL,"36,96",2025-09-09
ARCLK,"121,8",2025-09-09
MAVI,"40,22",2025-09-09
OYAKC,"19,98",2025-09-09
TKFEN,91,2025-09-09
SOKM,"35,8",2025-09-09
HEKTS,"3,84",2025-09-09
MIATK,"41,8",2025-09-08
DSTKF,801,2025-09-08
KOZAA,75,2025-09-08
CCOLA,"47,66",2025-09-08
DOHOL,"17,56",2025-09-08
KUYAS,"52,4",2025-09-08
BRSAN,"449,5",2025-09-08
TSKB,"13,1",2025-09-08
VAKBN,"26,2",2025-09-08
DOAS,"171,6",2025-09-08
KONTR,"24,8",2025-09-08
MAVI,"40,58",2025-09-08
HALKB,"24,26",2025-09-08
ARCLK,"122,6",2025-09-08
OYAKC,"20,13",2025-09-08
ALARK,"78,5",2025-09-08
SOKM,"35,94",2025-09-08
VESTL,"36,28",2025-09-08
TKFEN,"91,85",2025-09-08
HEKTS,"3,77",2025-09-08
DSTKF,890,2025-09-05
MIATK,"43,08",2025-09-05
KOZAA,"79,35",2025-09-05
KUYAS,"54,8",2025-09-05
DOHOL,"17,86",2025-09-05
CCOLA,"47,82",2025-09-05
BRSAN,"458,5",2025-09-05
KONTR,"26,02",2025-09-05
SOKM,"38,08",2025-09-05
MAVI,42,2025-09-05
DOAS,"175,6",2025-09-05
VAKBN,"27,12",2025-09-05
TSKB,"13,42",2025-09-05
VESTL,"37,86",2025-09-05
HEKTS,"4,04",2025-09-05
HALKB,"24,98",2025-09-05
ARCLK,"125,4",2025-09-05
OYAKC,"20,51",2025-09-05
ALARK,"80,2",2025-09-05
TKFEN,"94,6",2025-09-05
DSTKF,870,2025-09-04
MIATK,"42,54",2025-09-04
KOZAA,"78,2",2025-09-04
KUYAS,"57,55",2025-09-04
MAVI,"43,54",2025-09-04
CCOLA,49,2025-09-04
BRSAN,"467,5",2025-09-04
KONTR,"26,9",2025-09-04
DOHOL,"17,9",2025-09-04
SOKM,"38,74",2025-09-04
HEKTS,"4,19",2025-09-04
TSKB,"13,51",2025-09-04
VESTL,"38,68",2025-09-04
VAKBN,"27,44",2025-09-04
DOAS,"177,8",2025-09-04
ARCLK,"127,7",2025-09-04
HALKB,"25,34",2025-09-04
ALARK,"81,45",2025-09-04
OYAKC,"20,9",2025-09-04
TKFEN,"95,75",2025-09-04
DSTKF,850,2025-09-03
MIATK,"42,9",2025-09-03
KOZAA,"77,3",2025-09-03
BRSAN,"476,25",2025-09-03
MAVI,"43,3",2025-09-03
SOKM,"39,1",2025-09-03
KUYAS,"54,45",2025-09-03
DOHOL,"17,87",2025-09-03
CCOLA,"47,88",2025-09-03
VESTL,"38,82",2025-09-03
HEKTS,"4,22",2025-09-03
DOAS,"178,2",2025-09-03
KONTR,"26,4",2025-09-03
TSKB,"13,15",2025-09-03
TKFEN,"98,85",2025-09-03
VAKBN,"26,52",2025-09-03
ARCLK,"126,5",2025-09-03
ALARK,"81,15",2025-09-03
HALKB,"24,5",2025-09-03
OYAKC,"20,57",2025-09-03
DSTKF,820,2025-09-02
MIATK,"42,3",2025-09-02
BRSAN,480,2025-09-02
KOZAA,"77,55",2025-09-02
MAVI,44,2025-09-02
SOKM,"39,34",2025-09-02
TSKB,"13,95",2025-09-02
VAKBN,"28,3",2025-09-02
KUYAS,"55,25",2025-09-02
VESTL,"39,74",2025-09-02
DOHOL,"17,97",2025-09-02
HEKTS,"4,38",2025-09-02
CCOLA,"48,02",2025-09-02
KONTR,"26,2",2025-09-02
HALKB,"26,08",2025-09-02
ARCLK,"129,7",2025-09-02
DOAS,"177,6",2025-09-02
TKFEN,99,2025-09-02
ALARK,"83,05",2025-09-02
OYAKC,"21,33",2025-09-02
DSTKF,"792,5",2025-09-01
BRSAN,"485,75",2025-09-01
MIATK,"42,92",2025-09-01
VESTL,"41,64",2025-09-01
MAVI,45,2025-09-01
KOZAA,"78,45",2025-09-01
TSKB,"14,53",2025-09-01
SOKM,"40,78",2025-09-01
DOHOL,"18,74",2025-09-01
VAKBN,"28,86",2025-09-01
KUYAS,"56,15",2025-09-01
HALKB,"27,1",2025-09-01
CCOLA,"49,58",2025-09-01
ARCLK,"135,4",2025-09-01
DOAS,"185,8",2025-09-01
KONTR,"27,08",2025-09-01
HEKTS,"4,34",2025-09-01
TKFEN,"103,7",2025-09-01
ALARK,"87,75",2025-09-01
OYAKC,"22,63",2025-09-01
DSTKF,760,2025-08-29
BRSAN,510,2025-08-29
VESTL,"42,3",2025-08-29
MIATK,"41,62",2025-08-29
KOZAA,79,2025-08-29
MAVI,"44,68",2025-08-29
TSKB,"14,51",2025-08-29
SOKM,"40,34",2025-08-29
DOHOL,"19,24",2025-08-29
KONTR,"27,58",2025-08-29
VAKBN,"28,8",2025-08-29
KUYAS,"56,2",2025-08-29
ARCLK,137,2025-08-29
DOAS,"189,1",2025-08-29
CCOLA,"49,3",2025-08-29
OYAKC,"23,32",2025-08-29
HEKTS,"4,38",2025-08-29
HALKB,"26,76",2025-08-29
TKFEN,"104,5",2025-08-29
ALARK,"87,75",2025-08-29
DSTKF,730,2025-08-28
BRSAN,"499,25",2025-08-28
VESTL,"43,08",2025-08-28
MAVI,"44,6",2025-08-28
SOKM,"40,72",2025-08-28
MIATK,"41,68",2025-08-28
KOZAA,"77,9",2025-08-28
DOHOL,"19,5",2025-08-28
TSKB,"14,4",2025-08-28
VAKBN,29,2025-08-28
TKFEN,"108,6",2025-08-28
KONTR,"28,2",2025-08-28
KUYAS,"56,75",2025-08-28
OYAKC,"23,87",2025-08-28
ARCLK,"141,2",2025-08-28
CCOLA,"49,7",2025-08-28
HALKB,"27,26",2025-08-28
HEKTS,"4,64",2025-08-28
ALARK,"88,85",2025-08-28
DOAS,"188,9",2025-08-28
DSTKF,710,2025-08-27
BRSAN,454,2025-08-27
KONTR,"29,34",2025-08-27
MIATK,"41,7",2025-08-27
SOKM,"40,6",2025-08-27
MAVI,"44,1",2025-08-27
VESTL,"40,76",2025-08-27
VAKBN,"29,12",2025-08-27
TSKB,"14,3",2025-08-27
TKFEN,"109,5",2025-08-27
KOZAA,"76,5",2025-08-27
DOHOL,"19,3",2025-08-27
KUYAS,"56,4",2025-08-27
CCOLA,"50,55",2025-08-27
ARCLK,"142,4",2025-08-27
HALKB,"27,24",2025-08-27
HEKTS,"4,54",2025-08-27
OYAKC,"23,62",2025-08-27
ALARK,"89,75",2025-08-27
DOAS,"189,1",2025-08-27
BRSAN,479,2025-08-26
DSTKF,"645,5",2025-08-26
KONTR,"30,46",2025-08-26
TKFEN,113,2025-08-26
SOKM,"41,3",2025-08-26
MIATK,"41,46",2025-08-26
MAVI,44,2025-08-26
VAKBN,"29,78",2025-08-26
KUYAS,59,2025-08-26
KOZAA,78,2025-08-26
VESTL,"40,68",2025-08-26
OYAKC,"24,5",2025-08-26
TSKB,"14,31",2025-08-26
HALKB,"28,04",2025-08-26
CCOLA,"51,5",2025-08-26
DOHOL,"19,3",2025-08-26
ALARK,"92,2",2025-08-26
HEKTS,"4,75",2025-08-26
ARCLK,"142,3",2025-08-26
DOAS,196,2025-08-26
DSTKF,633,2025-08-25
KONTR,"30,42",2025-08-25
BRSAN,"435,5",2025-08-25
MIATK,43,2025-08-25
TKFEN,"113,7",2025-08-25
SOKM,"41,16",2025-08-25
HEKTS,"4,96",2025-08-25
VESTL,"41,1",2025-08-25
MAVI,"43,68",2025-08-25
KOZAA,"78,7",2025-08-25
VAKBN,"29,42",2025-08-25
OYAKC,"24,64",2025-08-25
HALKB,"28,24",2025-08-25
TSKB,"14,27",2025-08-25
ALARK,"93,95",2025-08-25
ARCLK,"144,7",2025-08-25
DOHOL,"19,45",2025-08-25
KUYAS,"58,6",2025-08-25
CCOLA,"51,5",2025-08-25
DOAS,"199,3",2025-08-25
DSTKF,605,2025-08-22
KONTR,"27,66",2025-08-22
TKFEN,"112,5",2025-08-22
BRSAN,396,2025-08-22
MIATK,"40,46",2025-08-22
MAVI,"43,46",2025-08-22
OYAKC,"24,29",2025-08-22
VAKBN,"28,98",2025-08-22
ARCLK,"145,8",2025-08-22
TSKB,"14,27",2025-08-22
KOZAA,"76,75",2025-08-22
SOKM,"39,6",2025-08-22
ALARK,"94,4",2025-08-22
DOHOL,"19,37",2025-08-22
HALKB,"28,04",2025-08-22
VESTL,40,2025-08-22
CCOLA,"51,35",2025-08-22
HEKTS,"4,68",2025-08-22
DOAS,"195,2",2025-08-22
KUYAS,"55,8",2025-08-22
MIATK,"40,42",2025-08-21
KONTR,28,2025-08-21
DSTKF,"599,5",2025-08-21
BRSAN,"396,75",2025-08-21
OYAKC,"24,39",2025-08-21
TSKB,"14,28",2025-08-21
MAVI,"42,98",2025-08-21
HEKTS,"4,78",2025-08-21
VAKBN,"28,68",2025-08-21
DOHOL,"19,3",2025-08-21
ARCLK,"145,7",2025-08-21
TKFEN,"105,5",2025-08-21
VESTL,"39,84",2025-08-21
HALKB,"27,76",2025-08-21
SOKM,"38,88",2025-08-21
KOZAA,"74,95",2025-08-21
ALARK,"92,35",2025-08-21
DOAS,"196,6",2025-08-21
CCOLA,"50,45",2025-08-21
KUYAS,"55,5",2025-08-21
KONTR,"26,88",2025-08-20
DOHOL,"19,63",2025-08-20
BRSAN,394,2025-08-20
OYAKC,"24,41",2025-08-20
ARCLK,"145,1",2025-08-20
TSKB,"14,05",2025-08-20
HEKTS,"4,61",2025-08-20
MIATK,"38,62",2025-08-20
MAVI,"41,94",2025-08-20
VAKBN,"28,24",2025-08-20
TKFEN,"103,8",2025-08-20
VESTL,"38,9",2025-08-20
DSTKF,545,2025-08-20
DOAS,"196,1",2025-08-20
HALKB,"27,36",2025-08-20
KOZAA,"73,05",2025-08-20
KUYAS,"56,95",2025-08-20
SOKM,"38,24",2025-08-20
CCOLA,50,2025-08-20
ALARK,"90,3",2025-08-20
KONTR,"27,24",2025-08-19
HEKTS,"4,78",2025-08-19
DOHOL,"19,59",2025-08-19
DOAS,"204,3",2025-08-19
MIATK,"38,4",2025-08-19
ARCLK,"143,7",2025-08-19
BRSAN,379,2025-08-19
TSKB,"13,81",2025-08-19
OYAKC,"23,28",2025-08-19
VESTL,"38,52",2025-08-19
TKFEN,"101,9",2025-08-19
MAVI,"40,8",2025-08-19
SOKM,"37,76",2025-08-19
KOZAA,"72,15",2025-08-19
DSTKF,545,2025-08-19
VAKBN,"27,66",2025-08-19
KUYAS,"55,55",2025-08-19
HALKB,"26,84",2025-08-19
CCOLA,"49,52",2025-08-19
ALARK,"87,8",2025-08-19
HEKTS,"4,99",2025-08-18
KONTR,"27,6",2025-08-18
DOHOL,"19,25",2025-08-18
ARCLK,"145,3",2025-08-18
BRSAN,391,2025-08-18
MIATK,"38,36",2025-08-18
VESTL,"39,3",2025-08-18
DOAS,"199,5",2025-08-18
OYAKC,"23,45",2025-08-18
KOZAA,"74,35",2025-08-18
SOKM,"38,54",2025-08-18
TSKB,"13,68",2025-08-18
TKFEN,"101,8",2025-08-18
KUYAS,"54,7",2025-08-18
HALKB,"27,06",2025-08-18
CCOLA,"49,94",2025-08-18
MAVI,"40,38",2025-08-18
DSTKF,515,2025-08-18
VAKBN,"27,12",2025-08-18
ALARK,"90,5",2025-08-18
HEKTS,"4,97",2025-08-15
DOHOL,"19,11",2025-08-15
MIATK,"38,8",2025-08-15
KONTR,"25,1",2025-08-15
ARCLK,140,2025-08-15
VESTL,"39,08",2025-08-15
SOKM,"38,88",2025-08-15
DOAS,"196,1",2025-08-15
KUYAS,"56,6",2025-08-15
KOZAA,73,2025-08-15
OYAKC,"22,92",2025-08-15
TKFEN,"101,8",2025-08-15
BRSAN,370,2025-08-15
TSKB,"13,5",2025-08-15
HALKB,"27,26",2025-08-15
CCOLA,"50,3",2025-08-15
MAVI,"40,44",2025-08-15
DSTKF,"503,5",2025-08-15
ALARK,"90,6",2025-08-15
VAKBN,"27,26",2025-08-15
HEKTS,"4,62",2025-08-14
DOHOL,"18,99",2025-08-14
ARCLK,139,2025-08-14
KUYAS,"59,2",2025-08-14
DOAS,"193,7",2025-08-14
OYAKC,"22,84",2025-08-14
MIATK,37,2025-08-14
KOZAA,"72,3",2025-08-14
BRSAN,"365,25",2025-08-14
VESTL,"37,96",2025-08-14
SOKM,"37,3",2025-08-14
HALKB,"27,42",2025-08-14
CCOLA,"49,74",2025-08-14
TKFEN,"99,5",2025-08-14
TSKB,"13,39",2025-08-14
DSTKF,535,2025-08-14
MAVI,"39,98",2025-08-14
ALARK,"90,85",2025-08-14
VAKBN,"27,46",2025-08-14
KONTR,"23,64",2025-08-14
HEKTS,"4,52",2025-08-13
DOHOL,"18,12",2025-08-13
ARCLK,"138,9",2025-08-13
KUYAS,"59,95",2025-08-13
MIATK,"37,22",2025-08-13
DSTKF,594,2025-08-13
DOAS,"193,5",2025-08-13
BRSAN,375,2025-08-13
SOKM,"37,78",2025-08-13
KOZAA,"71,65",2025-08-13
OYAKC,"22,84",2025-08-13
CCOLA,"50,15",2025-08-13
MAVI,"40,84",2025-08-13
HALKB,"27,22",2025-08-13
KONTR,"23,8",2025-08-13
VESTL,"37,72",2025-08-13
ALARK,"92,55",2025-08-13
TSKB,"13,38",2025-08-13
TKFEN,"99,65",2025-08-13
VAKBN,"27,4",2025-08-13
DSTKF,660,2025-08-12
HEKTS,"4,34",2025-08-12
DOHOL,"17,76",2025-08-12
MIATK,"38,4",2025-08-12
BRSAN,374,2025-08-12
ARCLK,"138,5",2025-08-12
SOKM,"38,38",2025-08-12
DOAS,"192,8",2025-08-12
OYAKC,"22,77",2025-08-12
CCOLA,"51,05",2025-08-12
KOZAA,"71,8",2025-08-12
KONTR,"24,38",2025-08-12
KUYAS,"54,5",2025-08-12
ALARK,"92,65",2025-08-12
MAVI,41,2025-08-12
VESTL,"37,84",2025-08-12
TKFEN,100,2025-08-12
HALKB,"27,12",2025-08-12
VAKBN,"27,72",2025-08-12
TSKB,"13,3",2025-08-12
DSTKF,635,2025-08-11
HEKTS,"4,31",2025-08-11
MIATK,"38,94",2025-08-11
DOHOL,"17,24",2025-08-11
DOAS,"195,6",2025-08-11
BRSAN,382,2025-08-11
ARCLK,"137,2",2025-08-11
KONTR,"25,66",2025-08-11
OYAKC,"23,38",2025-08-11
SOKM,"38,54",2025-08-11
CCOLA,"51,7",2025-08-11
ALARK,"95,95",2025-08-11
VESTL,"38,64",2025-08-11
KOZAA,"72,5",2025-08-11
HALKB,"27,5",2025-08-11
MAVI,"41,18",2025-08-11
TSKB,"13,59",2025-08-11
VAKBN,"28,16",2025-08-11
TKFEN,"101,2",2025-08-11
KUYAS,"53,1",2025-08-11
DSTKF,616,2025-08-08
HEKTS,"4,29",2025-08-08
BRSAN,378,2025-08-08
DOHOL,"17,06",2025-08-08
ARCLK,"136,5",2025-08-08
DOAS,"193,8",2025-08-08
MIATK,"36,66",2025-08-08
CCOLA,"51,7",2025-08-08
SOKM,"38,26",2025-08-08
ALARK,"95,45",2025-08-08
OYAKC,"22,99",2025-08-08
KONTR,"24,72",2025-08-08
VAKBN,"28,78",2025-08-08
VESTL,"38,58",2025-08-08
HALKB,"27,74",2025-08-08
KUYAS,"55,3",2025-08-08
MAVI,"41,22",2025-08-08
TSKB,"13,63",2025-08-08
KOZAA,"69,9",2025-08-08
TKFEN,"101,1",2025-08-08
DSTKF,594,2025-08-07
ARCLK,"138,2",2025-08-07
DOHOL,"17,01",2025-08-07
BRSAN,"377,5",2025-08-07
DOAS,"195,6",2025-08-07
ALARK,"96,8",2025-08-07
MIATK,"37,4",2025-08-07
HEKTS,"4,07",2025-08-07
CCOLA,"51,7",2025-08-07
SOKM,"38,2",2025-08-07
HALKB,"28,26",2025-08-07
TSKB,"14,03",2025-08-07
VESTL,"38,98",2025-08-07
KONTR,"25,14",2025-08-07
VAKBN,"29,08",2025-08-07
MAVI,"41,54",2025-08-07
OYAKC,"22,61",2025-08-07
KOZAA,"71,5",2025-08-07
KUYAS,"54,3",2025-08-07
TKFEN,101,2025-08-07
DSTKF,582,2025-08-06
ARCLK,138,2025-08-06
BRSAN,377,2025-08-06
ALARK,98,2025-08-06
HEKTS,"4,11",2025-08-06
DOHOL,"16,58",2025-08-06
KONTR,"25,22",2025-08-06
HALKB,"28,28",2025-08-06
MIATK,"36,5",2025-08-06
VAKBN,"29,38",2025-08-06
SOKM,"38,2",2025-08-06
DOAS,"190,4",2025-08-06
VESTL,"39,34",2025-08-06
TSKB,"14,09",2025-08-06
CCOLA,"50,9",2025-08-06
MAVI,"41,5",2025-08-06
OYAKC,"22,44",2025-08-06
KUYAS,"54,4",2025-08-06
TKFEN,"103,6",2025-08-06
KOZAA,"71,45",2025-08-06
DSTKF,568,2025-08-05
ARCLK,"137,8",2025-08-05
HALKB,"29,02",2025-08-05
TSKB,"14,19",2025-08-05
ALARK,"95,8",2025-08-05
KONTR,"25,32",2025-08-05
MIATK,"36,8",2025-08-05
HEKTS,"3,97",2025-08-05
VESTL,"39,12",2025-08-05
DOAS,"189,5",2025-08-05
SOKM,"38,3",2025-08-05
DOHOL,"16,26",2025-08-05
VAKBN,"29,42",2025-08-05
BRSAN,"362,75",2025-08-05
MAVI,"42,18",2025-08-05
OYAKC,"22,56",2025-08-05
KUYAS,"56,9",2025-08-05
CCOLA,"50,2",2025-08-05
TKFEN,"105,3",2025-08-05
KOZAA,"72,8",2025-08-05
DSTKF,546,2025-08-01
HEKTS,"4,05",2025-08-01
KONTR,"25,22",2025-08-01
HALKB,"28,18",2025-08-01
VESTL,"39,7",2025-08-01
ALARK,"93,95",2025-08-01
BRSAN,"359,5",2025-08-01
DOHOL,"16,22",2025-08-01
ARCLK,128,2025-08-01
TSKB,"13,87",2025-08-01
MIATK,"35,74",2025-08-01
MAVI,"41,96",2025-08-01
VAKBN,"28,86",2025-08-01
OYAKC,"22,96",2025-08-01
DOAS,"185,2",2025-08-01
SOKM,"37,1",2025-08-01
CCOLA,50,2025-08-01
KUYAS,"55,6",2025-08-01
TKFEN,"105,9",2025-08-01
KOZAA,"73,05",2025-08-01
